Source,Owner Branch,Campaign,Lead Stage,Owner,Total Leads
ChatBot,Secunderabad,,Dropped,Chaitanya CH,1
ChatBot,Secunderabad,,Dropped,Shashanka A,1
ChatBot,Secunderabad,,Dropped,Sruthi,1
Contact Us - Website,Secunderabad,,Dropped,Shashanka A,1
DataScience-LP-Expert Guidance,Secunderabad,,Warm,Kavya Bhavani,1
DataScience-LP-Program Overview,Secunderabad,,Cold,Sruthi,1
Download Syllabus—Website,Secunderabad,,Cold,G S Dimple,1
Ebook—Website,Secunderabad,,Dropped,Sruthi,1
Employee Referral,Secunderabad,,Hot,Sruthi,2
Employee Referral,Secunderabad,,Warm,Kavya Bhavani,1
Facebook,Secunderabad,C1-Data Science-1/9/26,Dropped,G S Dimple,1
Facebook,Secunderabad,C1-Data Science-1/9/26,Dropped,Shashanka A,1
Facebook,Secunderabad,C1-Data Science-1/9/26,Dropped,Sruthi,1
Facebook,Secunderabad,C1-Data Science-1/9/26,Warm,G S Dimple,2
Facebook,Secunderabad,C1-Data Science-1/9/26,Warm,Shashanka A,1
Facebook,Secunderabad,C1-FSP-1/9/26,Cold,Chaitanya CH,1
Facebook,Secunderabad,C1-FSP-1/9/26,Dropped,G S Dimple,1
Facebook,Secunderabad,C1-FSP-1/9/26,Hot,Kavya Bhavani,1
Facebook,Secunderabad,C1-FSP-1/9/26,Warm,Kavya Bhavani,1
Facebook,Secunderabad,C2-Data Science-1/9/26,Dropped,G S Dimple,1
Facebook,Secunderabad,C2-Data Science-1/9/26,Dropped,Kavya Bhavani,1
Facebook,Secunderabad,C2-Data Science-1/9/26,Dropped,Shashanka A,1
Facebook,Secunderabad,C2-Data Science-1/9/26,Warm,Sruthi,1
Facebook,Secunderabad,C2-FSP-1/9/26,Cold,Kavya Bhavani,1
Facebook,Secunderabad,C2-FSP-1/9/26,Cold,Shashanka A,1
Facebook,Secunderabad,C2-FSP-1/9/26,Cold,Sruthi,1
Facebook,Secunderabad,C2-FSP-1/9/26,Dropped,G S Dimple,3
Facebook,Secunderabad,C2-FSP-1/9/26,Dropped,Shashanka A,1
Facebook,Secunderabad,C2-FSP-1/9/26,Dropped,Sruthi,2
Facebook,Secunderabad,C2-FSP-1/9/26,Hot,Shashanka A,1
Facebook,Secunderabad,C2-FSP-1/9/26,Warm,G S Dimple,1
Facebook,Secunderabad,C2-FSP-1/9/26,Warm,Shashanka A,1
Facebook,Secunderabad,C3-Data Science-1/9/26,Cold,Chaitanya CH,1
Facebook,Secunderabad,C3-Data Science-1/9/26,Cold,Sruthi,1
Facebook,Secunderabad,C3-FSP-1/9/26,Cold,G S Dimple,1
Facebook,Secunderabad,C3-FSP-1/9/26,Cold,Kavya Bhavani,1
Facebook,Secunderabad,C3-FSP-1/9/26,Dropped,Shashanka A,3
Facebook,Secunderabad,C3-FSP-1/9/26,Dropped,Sruthi,2
Facebook,Secunderabad,C3-FSP-1/9/26,Hot,Chaitanya CH,2
Facebook,Secunderabad,C3-FSP-1/9/26,Warm,G S Dimple,2
Facebook,Secunderabad,C3-FSP-1/9/26,Warm,Kavya Bhavani,1
Facebook,Secunderabad,C3-FSP-1/9/26,Warm,Shashanka A,1
Facebook,Secunderabad,Campaign:  Data Science B -28/4/2026,Cold,Chaitanya CH,1
Facebook,Secunderabad,Campaign:  Data Science B -28/4/2026,Cold,G S Dimple,1
Facebook,Secunderabad,Campaign:  Data Science B -28/4/2026,Dropped,Chaitanya CH,1
Facebook,Secunderabad,Campaign:  Data Science B -28/4/2026,Hot,Chaitanya CH,1
Facebook,Secunderabad,Campaign:  Data Science B -28/4/2026,Warm,G S Dimple,1
Facebook,Secunderabad,FSD-28/4/2026,Cold,Chaitanya CH,1
Facebook,Secunderabad,FSD-28/4/2026,Cold,Shashanka A,2
Facebook,Secunderabad,FSD-28/4/2026,Dropped,Chaitanya CH,1
Facebook,Secunderabad,FSD-28/4/2026,Dropped,Kavya Bhavani,1
Facebook,Secunderabad,FSD-28/4/2026,Dropped,Shashanka A,2
Facebook,Secunderabad,FSD-28/4/2026,Dropped,Sruthi,4
Facebook,Secunderabad,FSD-28/4/2026,Hot,Sruthi,2
Facebook,Secunderabad,FSD-28/4/2026,Warm,Shashanka A,1
Facebook,Secunderabad,FSD-28/4/2026,Warm,Sruthi,1
Facebook,Secunderabad,FSD-Java-Hyd-5/8/26,Hot,Shashanka A,1
Facebook,Secunderabad,FSD-Python-Hyd-5/8/26,Cold,Chaitanya CH,1
Facebook,Secunderabad,FSD-Python-Hyd-5/8/26,Cold,Shashanka A,1
Facebook,Secunderabad,FSD-Python-Hyd-5/8/26,Dropped,G S Dimple,1
Facebook,Secunderabad,FSD-Python-Hyd-5/8/26,Warm,Shashanka A,1
Facebook,Secunderabad,IIT-Data Analytics-8/7/26,Dropped,Kavya Bhavani,1
Facebook,Secunderabad,OJT-Teks-4/8/26,Dropped,G S Dimple,1
Facebook,Secunderabad,SAP FICO & MM 26/3/2026,Cold,Chaitanya CH,4
Facebook,Secunderabad,SAP FICO & MM 26/3/2026,Cold,G S Dimple,5
Facebook,Secunderabad,SAP FICO & MM 26/3/2026,Cold,Kavya Bhavani,3
Facebook,Secunderabad,SAP FICO & MM 26/3/2026,Cold,Shashanka A,4
Facebook,Secunderabad,SAP FICO & MM 26/3/2026,Cold,Sruthi,2
Facebook,Secunderabad,SAP FICO & MM 26/3/2026,Converted,G S Dimple,1
Facebook,Secunderabad,SAP FICO & MM 26/3/2026,Dropped,G S Dimple,4
Facebook,Secunderabad,SAP FICO & MM 26/3/2026,Dropped,Kavya Bhavani,1
Facebook,Secunderabad,SAP FICO & MM 26/3/2026,Dropped,Shashanka A,5
Facebook,Secunderabad,SAP FICO & MM 26/3/2026,Dropped,Sruthi,3
Facebook,Secunderabad,SAP FICO & MM 26/3/2026,Hot,Chaitanya CH,3
Facebook,Secunderabad,SAP FICO & MM 26/3/2026,Hot,G S Dimple,3
Facebook,Secunderabad,SAP FICO & MM 26/3/2026,Hot,Kavya Bhavani,1
Facebook,Secunderabad,SAP FICO & MM 26/3/2026,Hot,Shashanka A,2
Facebook,Secunderabad,SAP FICO & MM 26/3/2026,Hot,Sruthi,3
Facebook,Secunderabad,SAP FICO & MM 26/3/2026,Warm,Chaitanya CH,3
Facebook,Secunderabad,SAP FICO & MM 26/3/2026,Warm,G S Dimple,6
Facebook,Secunderabad,SAP FICO & MM 26/3/2026,Warm,Kavya Bhavani,3
Facebook,Secunderabad,SAP FICO & MM 26/3/2026,Warm,Shashanka A,3
Facebook,Secunderabad,SAP FICO & MM 26/3/2026,Warm,Sruthi,6
FSD-Python-LP-Course kit,Secunderabad,,Cold,Kavya Bhavani,1
FSD-Python-LP-Download Syllabus,Secunderabad,,Dropped,Shashanka A,1
FSD-Python-LP-Download Syllabus,Secunderabad,,Dropped,Sruthi,1
FSD-Python-LP-Expert Guidance,Secunderabad,,Cold,Chaitanya CH,1
FSD-Python-LP-Expert Guidance,Secunderabad,,Cold,Shashanka A,1
FSD-Python-LP-Expert Guidance,Secunderabad,,Dropped,Chaitanya CH,1
FSD-Python-LP-Expert Guidance,Secunderabad,,Dropped,Kavya Bhavani,1
FSD-Python-LP-Expert Guidance,Secunderabad,,Dropped,Shashanka A,1
FSD-Python-LP-Expert Guidance,Secunderabad,,Dropped,Sruthi,1
FSD-Python-LP-Expert Guidance,Secunderabad,,Warm,G S Dimple,1
FSD-Python-LP-Expert Guidance,Secunderabad,,Warm,Kavya Bhavani,1
FSD-Python-LP-Expert Guidance,Secunderabad,,Warm,Shashanka A,1
Incoming Call - Direct Call,Secunderabad,,Converted,G S Dimple,1
Incoming Call - Direct Call,Secunderabad,,Converted,Sruthi,1
Incoming Call - Direct Call,Secunderabad,,Dropped,G S Dimple,2
Incoming Call - Direct Call,Secunderabad,,Hot,G S Dimple,5
Incoming Call - Direct Call,Secunderabad,,Hot,Kavya Bhavani,2
Incoming Call - Direct Call,Secunderabad,,Hot,Shashanka A,2
Incoming Call - Direct Call,Secunderabad,,Hot,Sruthi,3
Incoming Call - Direct Call,Secunderabad,,Warm,Chaitanya CH,1
Incoming Call - Direct Call,Secunderabad,,Warm,Shashanka A,2
Justdial Kukatpally,Secunderabad,,Dropped,Kavya Bhavani,1
Justdial Secunderabad,Secunderabad,,Cold,Chaitanya CH,3
Justdial Secunderabad,Secunderabad,,Cold,G S Dimple,1
Justdial Secunderabad,Secunderabad,,Cold,Kavya Bhavani,2
Justdial Secunderabad,Secunderabad,,Cold,Shashanka A,1
Justdial Secunderabad,Secunderabad,,Cold,Sruthi,2
Justdial Secunderabad,Secunderabad,,Dropped,Chaitanya CH,1
Justdial Secunderabad,Secunderabad,,Dropped,G S Dimple,5
Justdial Secunderabad,Secunderabad,,Dropped,Kavya Bhavani,4
Justdial Secunderabad,Secunderabad,,Dropped,Shashanka A,4
Justdial Secunderabad,Secunderabad,,Dropped,Sruthi,6
Justdial Secunderabad,Secunderabad,,Hot,Chaitanya CH,2
Justdial Secunderabad,Secunderabad,,Hot,Kavya Bhavani,1
Justdial Secunderabad,Secunderabad,,Hot,Sruthi,1
Justdial Secunderabad,Secunderabad,,Warm,Chaitanya CH,2
Justdial Secunderabad,Secunderabad,,Warm,G S Dimple,3
Justdial Secunderabad,Secunderabad,,Warm,Shashanka A,3
Request Callback—Website,Secunderabad,,Dropped,Chaitanya CH,1
Request Demo - Website,Secunderabad,,Hot,Sruthi,1
Social Media,Secunderabad,,Dropped,Shashanka A,1
Social Media,Secunderabad,,Dropped,Sruthi,1
Social Media,Secunderabad,,Warm,Chaitanya CH,1
Student Referral,Secunderabad,,Converted,Shashanka A,1
studentPortalReferrals,Secunderabad,,Converted,G S Dimple,1
studentPortalReferrals,Secunderabad,,Converted,Sruthi,1
studentPortalReferrals,Secunderabad,,Dropped,Kavya Bhavani,1
Walkin - Secunderabad,Secunderabad,,Converted,Sruthi,1
Walkin - Secunderabad,Secunderabad,,Hot,Shashanka A,1
Website,Secunderabad,,Cold,Sruthi,2
Website,Secunderabad,,Dropped,Chaitanya CH,1
Website,Secunderabad,,Dropped,G S Dimple,2
Website,Secunderabad,,Dropped,Kavya Bhavani,2
Website,Secunderabad,,Dropped,Shashanka A,4
Website,Secunderabad,,Hot,Sruthi,1
Website,Secunderabad,,Warm,G S Dimple,4
Website,Secunderabad,,Warm,Sruthi,1
Website,Secunderabad,,Converted,Shashanka A,1
