Source,Owner Branch,Campaign,Lead Stage,Owner,Total Leads
BDE - Ameerpet,Ameerpet,,Converted,Ippili Chandrika,1
BDE - Ameerpet,Ameerpet,,Dropped,Gayatri Devi P,1
BDE - Ameerpet,Ameerpet,,Dropped,Ippili Chandrika,3
BDE - Ameerpet,Ameerpet,,Dropped,Nandini,3
BDE - Ameerpet,Ameerpet,,Hot,Gayatri Devi P,1
BDE - Ameerpet,Ameerpet,,Hot,Ippili Chandrika,7
BDE - Ameerpet,Ameerpet,,Hot,Nandini,8
BDE - Ameerpet,Ameerpet,,Hot,Rahul Sharma,3
BDE - Ameerpet,Ameerpet,,Warm,Ippili Chandrika,1
BDE - Ameerpet,Ameerpet,,Warm,Nandini,1
BDE - Ameerpet,Ameerpet,,Warm,Rahul Sharma,2
BDE - Ameerpet,Kukatpally,,Dropped,Divya V,1
ChatBot,Dilsukhnagar,,Dropped,Anusha V,1
ChatBot,Dilsukhnagar,,Dropped,Nishant Alli,1
ChatBot,Dilsukhnagar,,Warm,Anusha V,1
ChatBot,Hitec City,,Dropped,K. Divya Sushma,1
ChatBot,Hitec City,,Dropped,Rajeshwari,1
ChatBot,Kompally,,Cold,Shirisha T,1
ChatBot,KPHB - New Branch,,Dropped,Dhanush Naik,1
ChatBot,Kukatpally,,Cold,Vedavathi,1
ChatBot,Kukatpally,,Warm,Rakesh Kommalapati,1
ChatBot,Secunderabad,,Dropped,Chaitanya CH,1
ChatBot,Secunderabad,,Dropped,Shashanka A,1
ChatBot,Secunderabad,,Dropped,Sruthi,1
Contact Us - Website,Secunderabad,,Dropped,Shashanka A,1
DataScience-LP-Book Free Demo Class,Kompally,,Warm,Bhavani T,1
DataScience-LP-Course kit,Dilsukhnagar,,Dropped,Anusha V,1
DataScience-LP-Course kit,Dilsukhnagar,,Dropped,Yamuna,1
DataScience-LP-Course kit,Hitec City,,Dropped,Neha Kruthika,1
DataScience-LP-Download Curriculum,Kukatpally,,Cold,Anamika,1
DataScience-LP-Download Syllabus,Ameerpet,,Warm,Gayatri Devi P,1
DataScience-LP-Download Syllabus,Dilsukhnagar,,Cold,Yamuna,1
DataScience-LP-Download Syllabus,Hitec City,,Cold,Rajeshwari,1
DataScience-LP-Download Syllabus,Hitec City,,Dropped,Rajeshwari,1
DataScience-LP-Download Syllabus,Kompally,,Cold,Bhavani T,1
DataScience-LP-Download Syllabus,Kukatpally,,Hot,Anamika,1
DataScience-LP-Download Syllabus,Mehdipatnam,,Dropped,Mohd Zohaib Mohammed,1
DataScience-LP-Download Syllabus,Mehdipatnam,,Warm,Chhaya,1
DataScience-LP-Expert Guidance,Ameerpet,,Cold,Nandini,1
DataScience-LP-Expert Guidance,Ameerpet,,Cold,Sowmya N,1
DataScience-LP-Expert Guidance,Ameerpet,,Dropped,Ippili Chandrika,1
DataScience-LP-Expert Guidance,Ameerpet,,Warm,Ippili Chandrika,1
DataScience-LP-Expert Guidance,Dilsukhnagar,,Cold,Nishant Alli,1
DataScience-LP-Expert Guidance,Hitec City,,Dropped,Neha Kruthika,1
DataScience-LP-Expert Guidance,Hitec City,,Warm,Jyoshna Muchupalli,1
DataScience-LP-Expert Guidance,Hitec City,,Warm,Rajeshwari,1
DataScience-LP-Expert Guidance,Kompally,,Dropped,Shirisha T,1
DataScience-LP-Expert Guidance,Kukatpally,,Dropped,Divya V,1
DataScience-LP-Expert Guidance,Mehdipatnam,,Dropped,Shameem,1
DataScience-LP-Expert Guidance,Secunderabad,,Warm,Kavya Bhavani,1
DataScience-LP-Placement and salary report,KPHB - New Branch,,Dropped,Keerthana,1
DataScience-LP-Placement and salary report,Mehdipatnam,,Cold,Chhaya,1
DataScience-LP-Program Overview,Secunderabad,,Cold,Sruthi,1
Download Syllabus—Website,Ameerpet,,Cold,Gayatri Devi P,1
Download Syllabus—Website,Ameerpet,,Dropped,Gayatri Devi P,1
Download Syllabus—Website,Ameerpet,,Dropped,Rahul Sharma,1
Download Syllabus—Website,Ameerpet,,Dropped,Sowmya N,2
Download Syllabus—Website,Ameerpet,,Hot,Ippili Chandrika,1
Download Syllabus—Website,Ameerpet,,Warm,Ippili Chandrika,1
Download Syllabus—Website,Ameerpet,,Warm,Nandini,1
Download Syllabus—Website,Dilsukhnagar,,Cold,Bharath,1
Download Syllabus—Website,Dilsukhnagar,,Cold,Yamuna,1
Download Syllabus—Website,Dilsukhnagar,,Converted,Nishant Alli,1
Download Syllabus—Website,Dilsukhnagar,,Converted,Renuka,1
Download Syllabus—Website,Dilsukhnagar,,Dropped,Anusha V,2
Download Syllabus—Website,Dilsukhnagar,,Dropped,Renuka,1
Download Syllabus—Website,Hitec City,,Cold,K. Divya Sushma,1
Download Syllabus—Website,Hitec City,,Dropped,K. Divya Sushma,1
Download Syllabus—Website,Hitec City,,Dropped,Neha Kruthika,1
Download Syllabus—Website,Hitec City,,Dropped,Rajeshwari,1
Download Syllabus—Website,Hitec City,,Warm,Khushi Kaur Bhatia,1
Download Syllabus—Website,Kompally,,Hot,Shirisha T,1
Download Syllabus—Website,Kompally,,Warm,Shirisha T,1
Download Syllabus—Website,KPHB - New Branch,,Hot,Keerthana,1
Download Syllabus—Website,Mehdipatnam,,Dropped,Mohd Zohaib Mohammed,1
Download Syllabus—Website,Secunderabad,,Cold,G S Dimple,1
Download Syllabus—Website,Vizag,,Dropped,Ravikiran J,1
Ebook—Website,Ameerpet,,Cold,Nandini,1
Ebook—Website,Ameerpet,,Dropped,Rahul Sharma,1
Ebook—Website,Ameerpet,,Dropped,Sowmya N,1
Ebook—Website,Ameerpet,,Warm,Rahul Sharma,1
Ebook—Website,Dilsukhnagar,,Dropped,Yamuna,1
Ebook—Website,Hitec City,,Cold,Neha Kruthika,1
Ebook—Website,Hitec City,,Cold,Rajeshwari,1
Ebook—Website,Hitec City,,Converted,Rajeshwari,1
Ebook—Website,Hitec City,,Dropped,Neha Kruthika,1
Ebook—Website,KPHB - New Branch,,Dropped,Keerthana,1
Ebook—Website,Secunderabad,,Dropped,Sruthi,1
Ebook—Website,Vizag,,Dropped,Lokeshwari Sai Kumari kadimi,2
Employee Referral,Dilsukhnagar,,Hot,Yamuna,1
Employee Referral,Hitec City,,Hot,Rajeshwari,1
Employee Referral,Mehdipatnam,,,Mohd Zohaib Mohammed,1
Employee Referral,Secunderabad,,Hot,Sruthi,2
Employee Referral,Secunderabad,,Warm,Kavya Bhavani,1
Employee Referral,Vizag,,Converted,Santhoshi Yenneti,1
enquiry now,Ameerpet,,Hot,Gayatri Devi P,1
enquiry now,Ameerpet,,Warm,Rahul Sharma,1
enquiry now,Dilsukhnagar,,Dropped,Anusha V,1
enquiry now,Dilsukhnagar,,Dropped,Yamuna,1
enquiry now,Hitec City,,Cold,Neha Kruthika,1
enquiry now,Hitec City,,Dropped,Neha Kruthika,3
enquiry now,Hitec City,,Warm,K. Divya Sushma,2
enquiry now,Hitec City,,Warm,Neha Kruthika,2
enquiry now,KPHB - New Branch,,Hot,Manasa P,1
enquiry now,KPHB - New Branch,,Warm,Keerthana,1
enquiry now,Mehdipatnam,,Dropped,Mohd Zohaib Mohammed,1
enquiry now,Vizag,,Dropped,Chandini Sureddi,2
enquiry now,Vizag,,Dropped,Kameshwari,1
enquiry now,Vizag,,Hot,Chandini Sureddi,1
Facebook,Ameerpet,BIM Anniversary Sale-10/7/26,Cold,Nandini,1
Facebook,Ameerpet,C1-Data Science-1/9/26,Cold,Gayatri Devi P,1
Facebook,Ameerpet,C1-Data Science-1/9/26,Cold,Rahul Sharma,1
Facebook,Ameerpet,C1-Data Science-1/9/26,Dropped,Gayatri Devi P,2
Facebook,Ameerpet,C1-Data Science-1/9/26,Dropped,Rahul Sharma,1
Facebook,Ameerpet,C1-Data Science-1/9/26,Dropped,Sowmya N,1
Facebook,Ameerpet,C1-Data Science-1/9/26,Warm,Rahul Sharma,2
Facebook,Ameerpet,C1-FSP-1/9/26,Dropped,Ippili Chandrika,1
Facebook,Ameerpet,C1-FSP-1/9/26,Dropped,Rahul Sharma,2
Facebook,Ameerpet,C2-Data Science-1/9/26,Cold,Nandini,1
Facebook,Ameerpet,C2-Data Science-1/9/26,Cold,Sowmya N,2
Facebook,Ameerpet,C2-FSP-1/9/26,Cold,Ippili Chandrika,1
Facebook,Ameerpet,C2-FSP-1/9/26,Cold,Nandini,2
Facebook,Ameerpet,C2-FSP-1/9/26,Cold,Sowmya N,1
Facebook,Ameerpet,C2-FSP-1/9/26,Dropped,Gayatri Devi P,1
Facebook,Ameerpet,C2-FSP-1/9/26,Dropped,Rahul Sharma,1
Facebook,Ameerpet,C2-FSP-1/9/26,Dropped,Sowmya N,1
Facebook,Ameerpet,C2-FSP-1/9/26,Warm,Rahul Sharma,2
Facebook,Ameerpet,C3-Data Science-1/9/26,Dropped,Rahul Sharma,1
Facebook,Ameerpet,C3-FSP-1/9/26,Cold,Gayatri Devi P,1
Facebook,Ameerpet,C3-FSP-1/9/26,Cold,Ippili Chandrika,3
Facebook,Ameerpet,C3-FSP-1/9/26,Cold,Nandini,3
Facebook,Ameerpet,C3-FSP-1/9/26,Dropped,Gayatri Devi P,2
Facebook,Ameerpet,C3-FSP-1/9/26,Dropped,Ippili Chandrika,2
Facebook,Ameerpet,C3-FSP-1/9/26,Dropped,Nandini,1
Facebook,Ameerpet,C3-FSP-1/9/26,Dropped,Rahul Sharma,1
Facebook,Ameerpet,C3-FSP-1/9/26,Hot,Ippili Chandrika,1
Facebook,Ameerpet,C3-FSP-1/9/26,Hot,Sowmya N,1
Facebook,Ameerpet,C3-FSP-1/9/26,Warm,Ippili Chandrika,1
Facebook,Ameerpet,C3-FSP-1/9/26,Warm,Rahul Sharma,1
Facebook,Ameerpet,Campaign BIM B 28/4/2026,Dropped,Rahul Sharma,1
Facebook,Ameerpet,Campaign BIM B 28/4/2026,Warm,Gayatri Devi P,1
Facebook,Ameerpet,Campaign:  Data Science B -28/4/2026,Cold,Gayatri Devi P,2
Facebook,Ameerpet,Campaign:  Data Science B -28/4/2026,Cold,Ippili Chandrika,1
Facebook,Ameerpet,Campaign:  Data Science B -28/4/2026,Cold,Nandini,1
Facebook,Ameerpet,Campaign:  Data Science B -28/4/2026,Cold,Rahul Sharma,1
Facebook,Ameerpet,Campaign:  Data Science B -28/4/2026,Dropped,Gayatri Devi P,1
Facebook,Ameerpet,Campaign:  Data Science B -28/4/2026,Dropped,Ippili Chandrika,1
Facebook,Ameerpet,Campaign:  Data Science B -28/4/2026,Warm,Gayatri Devi P,1
Facebook,Ameerpet,Campaign:  Data Science B -28/4/2026,Warm,Ippili Chandrika,2
Facebook,Ameerpet,Campaign:  Data Science B -28/4/2026,Warm,Nandini,1
Facebook,Ameerpet,Campaign:  Data Science B -28/4/2026,Warm,Rahul Sharma,1
Facebook,Ameerpet,Cyber Security-B-28/4/2026,Hot,Gayatri Devi P,1
Facebook,Ameerpet,FSD-28/4/2026,Cold,Gayatri Devi P,1
Facebook,Ameerpet,FSD-28/4/2026,Cold,Ippili Chandrika,1
Facebook,Ameerpet,FSD-28/4/2026,Cold,Rahul Sharma,2
Facebook,Ameerpet,FSD-28/4/2026,Cold,Sowmya N,1
Facebook,Ameerpet,FSD-28/4/2026,Dropped,Gayatri Devi P,1
Facebook,Ameerpet,FSD-28/4/2026,Dropped,Ippili Chandrika,2
Facebook,Ameerpet,FSD-28/4/2026,Dropped,Rahul Sharma,1
Facebook,Ameerpet,FSD-28/4/2026,Hot,Rahul Sharma,1
Facebook,Ameerpet,FSD-28/4/2026,Warm,Gayatri Devi P,1
Facebook,Ameerpet,FSD-28/4/2026,Warm,Rahul Sharma,1
Facebook,Ameerpet,FSD-Java-Hyd-5/8/26,Dropped,Sowmya N,1
Facebook,Ameerpet,FSD-Python-Hyd-5/8/26,Cold,Nandini,3
Facebook,Ameerpet,FSD-Python-Hyd-5/8/26,Dropped,Ippili Chandrika,1
Facebook,Ameerpet,FSD-Python-Hyd-5/8/26,Hot,Rahul Sharma,1
Facebook,Dilsukhnagar,C1-Data Science-1/9/26,Cold,Anusha V,1
Facebook,Dilsukhnagar,C1-Data Science-1/9/26,Dropped,Anusha V,1
Facebook,Dilsukhnagar,C1-Data Science-1/9/26,Warm,Bharath,1
Facebook,Dilsukhnagar,C1-Data Science-1/9/26,Warm,Yamuna,1
Facebook,Dilsukhnagar,C1-FSP-1/9/26,Hot,Nishant Alli,1
Facebook,Dilsukhnagar,C2-Data Science-1/9/26,Cold,Anusha V,1
Facebook,Dilsukhnagar,C2-Data Science-1/9/26,Dropped,Anusha V,1
Facebook,Dilsukhnagar,C2-Data Science-1/9/26,Dropped,Bharath,1
Facebook,Dilsukhnagar,C2-Data Science-1/9/26,Dropped,Nishant Alli,1
Facebook,Dilsukhnagar,C2-Data Science-1/9/26,Hot,Nishant Alli,1
Facebook,Dilsukhnagar,C2-FSP-1/9/26,Cold,Nishant Alli,1
Facebook,Dilsukhnagar,C2-FSP-1/9/26,Cold,Yamuna,1
Facebook,Dilsukhnagar,C2-FSP-1/9/26,Dropped,Anusha V,1
Facebook,Dilsukhnagar,C2-FSP-1/9/26,Dropped,Bharath,1
Facebook,Dilsukhnagar,C2-FSP-1/9/26,Dropped,Yamuna,1
Facebook,Dilsukhnagar,C2-FSP-1/9/26,Hot,Bharath,1
Facebook,Dilsukhnagar,C2-FSP-1/9/26,Hot,Nishant Alli,1
Facebook,Dilsukhnagar,C2-FSP-1/9/26,Warm,Bharath,1
Facebook,Dilsukhnagar,C3-Data Science-1/9/26,Cold,Anusha V,2
Facebook,Dilsukhnagar,C3-Data Science-1/9/26,Cold,Bharath,2
Facebook,Dilsukhnagar,C3-Data Science-1/9/26,Dropped,Nishant Alli,1
Facebook,Dilsukhnagar,C3-FSP-1/9/26,Cold,Anusha V,1
Facebook,Dilsukhnagar,C3-FSP-1/9/26,Cold,Bharath,1
Facebook,Dilsukhnagar,C3-FSP-1/9/26,Cold,Nishant Alli,2
Facebook,Dilsukhnagar,C3-FSP-1/9/26,Cold,Yamuna,1
Facebook,Dilsukhnagar,C3-FSP-1/9/26,Dropped,Anusha V,3
Facebook,Dilsukhnagar,C3-FSP-1/9/26,Dropped,Nishant Alli,2
Facebook,Dilsukhnagar,C3-FSP-1/9/26,Dropped,Yamuna,3
Facebook,Dilsukhnagar,C3-FSP-1/9/26,Hot,Nishant Alli,1
Facebook,Dilsukhnagar,C3-FSP-1/9/26,Warm,Anusha V,1
Facebook,Dilsukhnagar,Campaign:  Data Science B -28/4/2026,Cold,Bharath,2
Facebook,Dilsukhnagar,Campaign:  Data Science B -28/4/2026,Cold,Nishant Alli,1
Facebook,Dilsukhnagar,Campaign:  Data Science B -28/4/2026,Hot,Anusha V,1
Facebook,Dilsukhnagar,Campaign:  Data Science B -28/4/2026,Warm,Anusha V,1
Facebook,Dilsukhnagar,Campaign:  Data Science B -28/4/2026,Warm,Yamuna,2
Facebook,Dilsukhnagar,Cloud Computing- 28/4/2026,Cold,Bharath,2
Facebook,Dilsukhnagar,Cloud Computing- 28/4/2026,Cold,Nishant Alli,1
Facebook,Dilsukhnagar,Cloud Computing- 28/4/2026,Cold,Renuka,2
Facebook,Dilsukhnagar,Cloud Computing- 28/4/2026,Cold,Yamuna,2
Facebook,Dilsukhnagar,Cloud Computing- 28/4/2026,Dropped,Bharath,1
Facebook,Dilsukhnagar,Cloud Computing- 28/4/2026,Dropped,Yamuna,1
Facebook,Dilsukhnagar,Cloud Computing- 28/4/2026,Hot,Bharath,1
Facebook,Dilsukhnagar,Cloud Computing- 28/4/2026,Warm,Anusha V,1
Facebook,Dilsukhnagar,Cloud Computing- 28/4/2026,Warm,Nishant Alli,1
Facebook,Dilsukhnagar,Cloud Computing- 28/4/2026,Warm,Yamuna,1
Facebook,Dilsukhnagar,D.A Anniversary sale-9/7/26,Cold,Anusha V,1
Facebook,Dilsukhnagar,D.A Anniversary sale-9/7/26,Cold,Bharath,2
Facebook,Dilsukhnagar,D.A Anniversary sale-9/7/26,Cold,Yamuna,1
Facebook,Dilsukhnagar,D.A Anniversary sale-9/7/26,Dropped,Anusha V,1
Facebook,Dilsukhnagar,D.A Anniversary sale-9/7/26,Dropped,Nishant Alli,1
Facebook,Dilsukhnagar,D.A Anniversary sale-9/7/26,Hot,Yamuna,2
Facebook,Dilsukhnagar,D.A Anniversary sale-9/7/26,Warm,Nishant Alli,1
Facebook,Dilsukhnagar,FSD-28/4/2026,Cold,Anusha V,1
Facebook,Dilsukhnagar,FSD-28/4/2026,Cold,Bharath,2
Facebook,Dilsukhnagar,FSD-28/4/2026,Cold,Nishant Alli,2
Facebook,Dilsukhnagar,FSD-28/4/2026,Cold,Yamuna,1
Facebook,Dilsukhnagar,FSD-28/4/2026,Warm,Anusha V,1
Facebook,Dilsukhnagar,FSD-28/4/2026,Warm,Bharath,1
Facebook,Dilsukhnagar,FSD-28/4/2026,Warm,Nishant Alli,1
Facebook,Dilsukhnagar,FSD-28/4/2026,Warm,Renuka,1
Facebook,Dilsukhnagar,FSD-28/4/2026,Warm,Yamuna,1
Facebook,Dilsukhnagar,FSD-Python-Hyd-5/8/26,Cold,Bharath,1
Facebook,Dilsukhnagar,FSD-Python-Hyd-5/8/26,Cold,Yamuna,1
Facebook,Dilsukhnagar,FSD-Python-Hyd-5/8/26,Hot,Bharath,1
Facebook,Dilsukhnagar,OJT-Teks-4/8/26,Hot,Nishant Alli,1
Facebook,Hitec City,C1-Data Science-1/9/26,Cold,Khushi Kaur Bhatia,1
Facebook,Hitec City,C1-Data Science-1/9/26,Cold,Rajeshwari,1
Facebook,Hitec City,C1-Data Science-1/9/26,Converted,Khushi Kaur Bhatia,1
Facebook,Hitec City,C1-Data Science-1/9/26,Dropped,K. Divya Sushma,1
Facebook,Hitec City,C1-Data Science-1/9/26,Dropped,Rajeshwari,2
Facebook,Hitec City,C1-Data Science-1/9/26,Hot,Khushi Kaur Bhatia,1
Facebook,Hitec City,C1-Data Science-1/9/26,Warm,Jyoshna Muchupalli,2
Facebook,Hitec City,C1-Data Science-1/9/26,Warm,Rajeshwari,2
Facebook,Hitec City,C1-FSP-1/9/26,Dropped,Neha Kruthika,1
Facebook,Hitec City,C1-FSP-1/9/26,Hot,K. Divya Sushma,1
Facebook,Hitec City,C1-FSP-1/9/26,Hot,Rajeshwari,1
Facebook,Hitec City,C2-Data Science-1/9/26,Cold,Jyoshna Muchupalli,1
Facebook,Hitec City,C2-Data Science-1/9/26,Cold,Neha Kruthika,1
Facebook,Hitec City,C2-Data Science-1/9/26,Hot,Khushi Kaur Bhatia,1
Facebook,Hitec City,C2-Data Science-1/9/26,Warm,Rajeshwari,1
Facebook,Hitec City,C2-FSP-1/9/26,Cold,K. Divya Sushma,1
Facebook,Hitec City,C2-FSP-1/9/26,Cold,Khushi Kaur Bhatia,1
Facebook,Hitec City,C2-FSP-1/9/26,Dropped,Jyoshna Muchupalli,2
Facebook,Hitec City,C2-FSP-1/9/26,Dropped,Neha Kruthika,1
Facebook,Hitec City,C2-FSP-1/9/26,Dropped,Rajeshwari,1
Facebook,Hitec City,C2-FSP-1/9/26,Warm,Khushi Kaur Bhatia,2
Facebook,Hitec City,C2-FSP-1/9/26,Warm,Neha Kruthika,1
Facebook,Hitec City,C3-Data Science-1/9/26,Cold,Neha Kruthika,1
Facebook,Hitec City,C3-Data Science-1/9/26,Cold,Rajeshwari,2
Facebook,Hitec City,C3-Data Science-1/9/26,Dropped,Khushi Kaur Bhatia,1
Facebook,Hitec City,C3-Data Science-1/9/26,Hot,K. Divya Sushma,1
Facebook,Hitec City,C3-FSP-1/9/26,Cold,Jyoshna Muchupalli,1
Facebook,Hitec City,C3-FSP-1/9/26,Cold,Rajeshwari,1
Facebook,Hitec City,C3-FSP-1/9/26,Dropped,Jyoshna Muchupalli,1
Facebook,Hitec City,C3-FSP-1/9/26,Hot,Khushi Kaur Bhatia,1
Facebook,Hitec City,C3-FSP-1/9/26,Warm,Khushi Kaur Bhatia,3
Facebook,Hitec City,C3-FSP-1/9/26,Warm,Neha Kruthika,2
Facebook,Hitec City,C3-FSP-1/9/26,Warm,Rajeshwari,1
Facebook,Hitec City,Campaign:  Data Science B -28/4/2026,Cold,K. Divya Sushma,1
Facebook,Hitec City,Campaign:  Data Science B -28/4/2026,Cold,Khushi Kaur Bhatia,1
Facebook,Hitec City,Campaign:  Data Science B -28/4/2026,Cold,Neha Kruthika,1
Facebook,Hitec City,Campaign:  Data Science B -28/4/2026,Dropped,Jyoshna Muchupalli,1
Facebook,Hitec City,Campaign:  Data Science B -28/4/2026,Dropped,Rajeshwari,2
Facebook,Hitec City,Campaign:  Data Science B -28/4/2026,Warm,Jyoshna Muchupalli,1
Facebook,Hitec City,Campaign:  Data Science B -28/4/2026,Warm,K. Divya Sushma,1
Facebook,Hitec City,Campaign:  Data Science B -28/4/2026,Warm,Neha Kruthika,1
Facebook,Hitec City,Cloud Computing- 28/4/2026,Cold,K. Divya Sushma,1
Facebook,Hitec City,Cloud Computing- 28/4/2026,Cold,Rajeshwari,4
Facebook,Hitec City,Cloud Computing- 28/4/2026,Dropped,Neha Kruthika,3
Facebook,Hitec City,Cloud Computing- 28/4/2026,Hot,K. Divya Sushma,1
Facebook,Hitec City,Cloud Computing- 28/4/2026,Hot,Khushi Kaur Bhatia,1
Facebook,Hitec City,Cloud Computing- 28/4/2026,Warm,Jyoshna Muchupalli,2
Facebook,Hitec City,Cloud Computing- 28/4/2026,Warm,Khushi Kaur Bhatia,2
Facebook,Hitec City,Cloud Computing- 28/4/2026,Warm,Neha Kruthika,1
Facebook,Hitec City,Cyber Security Anniversary Sale-10/7/26,Cold,Khushi Kaur Bhatia,1
Facebook,Hitec City,Cyber Security Anniversary Sale-10/7/26,Cold,Rajeshwari,3
Facebook,Hitec City,Cyber Security Anniversary Sale-10/7/26,Dropped,Jyoshna Muchupalli,1
Facebook,Hitec City,Cyber Security Anniversary Sale-10/7/26,Dropped,K. Divya Sushma,1
Facebook,Hitec City,Cyber Security Anniversary Sale-10/7/26,Dropped,Neha Kruthika,1
Facebook,Hitec City,Cyber Security Anniversary Sale-10/7/26,Hot,Jyoshna Muchupalli,1
Facebook,Hitec City,Cyber Security Anniversary Sale-10/7/26,Hot,Rajeshwari,1
Facebook,Hitec City,Cyber Security Anniversary Sale-10/7/26,Warm,Jyoshna Muchupalli,2
Facebook,Hitec City,Cyber Security Anniversary Sale-10/7/26,Warm,Neha Kruthika,2
Facebook,Hitec City,Cyber Security Anniversary Sale-10/7/26,Warm,Rajeshwari,2
Facebook,Hitec City,Cyber Security-B-28/4/2026,Cold,Khushi Kaur Bhatia,1
Facebook,Hitec City,Cyber Security-B-28/4/2026,Cold,Rajeshwari,4
Facebook,Hitec City,Cyber Security-B-28/4/2026,Dropped,Jyoshna Muchupalli,1
Facebook,Hitec City,Cyber Security-B-28/4/2026,Dropped,K. Divya Sushma,1
Facebook,Hitec City,Cyber Security-B-28/4/2026,Dropped,Khushi Kaur Bhatia,1
Facebook,Hitec City,Cyber Security-B-28/4/2026,Dropped,Neha Kruthika,1
Facebook,Hitec City,Cyber Security-B-28/4/2026,Hot,K. Divya Sushma,1
Facebook,Hitec City,Cyber Security-B-28/4/2026,Hot,Neha Kruthika,2
Facebook,Hitec City,Cyber Security-B-28/4/2026,Warm,Jyoshna Muchupalli,1
Facebook,Hitec City,Cyber Security-B-28/4/2026,Warm,K. Divya Sushma,3
Facebook,Hitec City,Cyber Security-B-28/4/2026,Warm,Khushi Kaur Bhatia,3
Facebook,Hitec City,Cyber Security-B-28/4/2026,Warm,Rajeshwari,3
Facebook,Hitec City,Data Science-Hitec city-25/7/26,Cold,Jyoshna Muchupalli,1
Facebook,Hitec City,Data Science-Hitec city-25/7/26,Cold,K. Divya Sushma,2
Facebook,Hitec City,Data Science-Hitec city-25/7/26,Cold,Khushi Kaur Bhatia,2
Facebook,Hitec City,Data Science-Hitec city-25/7/26,Cold,Neha Kruthika,2
Facebook,Hitec City,Data Science-Hitec city-25/7/26,Cold,Rajeshwari,6
Facebook,Hitec City,Data Science-Hitec city-25/7/26,Dropped,Jyoshna Muchupalli,2
Facebook,Hitec City,Data Science-Hitec city-25/7/26,Dropped,Neha Kruthika,2
Facebook,Hitec City,Data Science-Hitec city-25/7/26,Dropped,Rajeshwari,1
Facebook,Hitec City,Data Science-Hitec city-25/7/26,Hot,Jyoshna Muchupalli,1
Facebook,Hitec City,Data Science-Hitec city-25/7/26,Hot,K. Divya Sushma,1
Facebook,Hitec City,Data Science-Hitec city-25/7/26,Hot,Khushi Kaur Bhatia,4
Facebook,Hitec City,Data Science-Hitec city-25/7/26,Hot,Neha Kruthika,1
Facebook,Hitec City,Data Science-Hitec city-25/7/26,Warm,Jyoshna Muchupalli,3
Facebook,Hitec City,Data Science-Hitec city-25/7/26,Warm,K. Divya Sushma,4
Facebook,Hitec City,Data Science-Hitec city-25/7/26,Warm,Khushi Kaur Bhatia,2
Facebook,Hitec City,Data Science-Hitec city-25/7/26,Warm,Neha Kruthika,4
Facebook,Hitec City,Data Science-Hitec city-25/7/26,Warm,Rajeshwari,7
Facebook,Hitec City,FSD-28/4/2026,Cold,Neha Kruthika,1
Facebook,Hitec City,FSD-28/4/2026,Dropped,Jyoshna Muchupalli,1
Facebook,Hitec City,FSD-28/4/2026,Hot,Jyoshna Muchupalli,1
Facebook,Hitec City,FSD-28/4/2026,Hot,K. Divya Sushma,1
Facebook,Hitec City,FSD-28/4/2026,Hot,Neha Kruthika,1
Facebook,Hitec City,FSD-28/4/2026,New,Rajeshwari,1
Facebook,Hitec City,FSD-28/4/2026,Warm,K. Divya Sushma,2
Facebook,Hitec City,FSD-28/4/2026,Warm,Rajeshwari,1
Facebook,Hitec City,FSD-Python-Hyd-5/8/26,Cold,Jyoshna Muchupalli,1
Facebook,Hitec City,FSD-Python-Hyd-5/8/26,Cold,Neha Kruthika,2
Facebook,Hitec City,FSD-Python-Hyd-5/8/26,Dropped,K. Divya Sushma,1
Facebook,Hitec City,FSD-Python-Hyd-5/8/26,Dropped,Rajeshwari,1
Facebook,Hitec City,FSD-Python-Hyd-5/8/26,Warm,Jyoshna Muchupalli,1
Facebook,Hitec City,FSD-Python-Hyd-5/8/26,Warm,K. Divya Sushma,1
Facebook,Hitec City,FSD-Python-Hyd-5/8/26,Warm,Rajeshwari,4
Facebook,Hitec City,OJT-Teks-4/8/26,Warm,K. Divya Sushma,1
Facebook,Hitec City,OJT-Teks1-4/8/26,Warm,Rajeshwari,1
Facebook,Kompally,C1-Data Science-1/9/26,Cold,Shirisha T,1
Facebook,Kompally,C1-Data Science-1/9/26,Dropped,Bhavani T,1
Facebook,Kompally,C1-Data Science-1/9/26,Hot,Shirisha T,1
Facebook,Kompally,C1-Data Science-1/9/26,Warm,Shirisha T,1
Facebook,Kompally,C2-FSP-1/9/26,Cold,Bhavani T,1
Facebook,Kompally,C2-FSP-1/9/26,Warm,Bhavani T,1
Facebook,Kompally,C2-FSP-1/9/26,Warm,Shirisha T,2
Facebook,Kompally,C3-FSP-1/9/26,Cold,Bhavani T,1
Facebook,Kompally,C3-FSP-1/9/26,Cold,Shirisha T,1
Facebook,Kompally,C3-FSP-1/9/26,Dropped,Bhavani T,4
Facebook,Kompally,C3-FSP-1/9/26,Dropped,Shirisha T,1
Facebook,Kompally,C3-FSP-1/9/26,Hot,Shirisha T,1
Facebook,Kompally,C3-FSP-1/9/26,Warm,Shirisha T,1
Facebook,Kompally,Campaign:  Data Science B -28/4/2026,Cold,Bhavani T,2
Facebook,Kompally,Campaign:  Data Science B -28/4/2026,Hot,Bhavani T,1
Facebook,Kompally,Campaign:  Data Science B -28/4/2026,Warm,Shirisha T,1
Facebook,Kompally,D.A AP & TG 06/07/26,Cold,Bhavani T,7
Facebook,Kompally,D.A AP & TG 06/07/26,Cold,Shirisha T,3
Facebook,Kompally,D.A AP & TG 06/07/26,Dropped,Bhavani T,3
Facebook,Kompally,D.A AP & TG 06/07/26,Dropped,Shirisha T,4
Facebook,Kompally,D.A AP & TG 06/07/26,Hot,Bhavani T,4
Facebook,Kompally,D.A AP & TG 06/07/26,Hot,Shirisha T,2
Facebook,Kompally,D.A AP & TG 06/07/26,Warm,Bhavani T,2
Facebook,Kompally,D.A AP & TG 06/07/26,Warm,Shirisha T,10
Facebook,Kompally,D.A Anniversary sale-9/7/26,Dropped,Bhavani T,1
Facebook,Kompally,D.A Anniversary sale-9/7/26,Hot,Bhavani T,1
Facebook,Kompally,D.A Anniversary sale-9/7/26,Warm,Shirisha T,1
Facebook,Kompally,Data Engineer-07-04-2026,Cold,Bhavani T,8
Facebook,Kompally,Data Engineer-07-04-2026,Cold,Shirisha T,4
Facebook,Kompally,Data Engineer-07-04-2026,Dropped,Bhavani T,2
Facebook,Kompally,Data Engineer-07-04-2026,Dropped,Shirisha T,3
Facebook,Kompally,Data Engineer-07-04-2026,Hot,Bhavani T,1
Facebook,Kompally,Data Engineer-07-04-2026,Warm,Bhavani T,5
Facebook,Kompally,Data Engineer-07-04-2026,Warm,Shirisha T,9
Facebook,Kompally,FSD-28/4/2026,Cold,Bhavani T,1
Facebook,Kompally,FSD-28/4/2026,Cold,Shirisha T,1
Facebook,Kompally,FSD-28/4/2026,Dropped,Bhavani T,2
Facebook,Kompally,FSD-28/4/2026,Hot,Shirisha T,1
Facebook,Kompally,FSD-28/4/2026,Warm,Shirisha T,1
Facebook,Kompally,FSD-Python-Hyd-5/8/26,Dropped,Shirisha T,1
Facebook,Kompally,Generative AI-28/4/2026,Cold,Bhavani T,6
Facebook,Kompally,Generative AI-28/4/2026,Cold,Shirisha T,3
Facebook,Kompally,Generative AI-28/4/2026,Dropped,Shirisha T,1
Facebook,Kompally,Generative AI-28/4/2026,Hot,Bhavani T,1
Facebook,Kompally,Generative AI-28/4/2026,Warm,Shirisha T,5
Facebook,Kompally,IIT-Data Analytics-8/7/26,Cold,Bhavani T,3
Facebook,Kompally,IIT-Data Analytics-8/7/26,Cold,Shirisha T,1
Facebook,Kompally,IIT-Data Analytics-8/7/26,Dropped,Shirisha T,1
Facebook,Kompally,IIT-Data Analytics-8/7/26,Hot,Shirisha T,2
Facebook,Kompally,IIT-Data Analytics-8/7/26,Warm,Bhavani T,1
Facebook,Kompally,IIT-Data Analytics-8/7/26,Warm,Shirisha T,1
Facebook,Kompally,OJT-Teks-4/8/26,Cold,Bhavani T,1
Facebook,KPHB - New Branch,C1-Data Science-1/9/26,Warm,Manasa P,1
Facebook,KPHB - New Branch,C1-FSP-1/9/26,Cold,Keerthana,2
Facebook,KPHB - New Branch,C1-FSP-1/9/26,Dropped,Keerthana,1
Facebook,KPHB - New Branch,C2-Data Science-1/9/26,Dropped,Dhanush Naik,2
Facebook,KPHB - New Branch,C2-Data Science-1/9/26,Dropped,Keerthana,1
Facebook,KPHB - New Branch,C2-Data Science-1/9/26,Dropped,Manasa P,1
Facebook,KPHB - New Branch,C2-Data Science-1/9/26,Hot,Manasa P,1
Facebook,KPHB - New Branch,C2-FSP-1/9/26,Cold,Keerthana,1
Facebook,KPHB - New Branch,C2-FSP-1/9/26,Dropped,Dhanush Naik,2
Facebook,KPHB - New Branch,C2-FSP-1/9/26,Dropped,Keerthana,2
Facebook,KPHB - New Branch,C2-FSP-1/9/26,Dropped,Manasa P,2
Facebook,KPHB - New Branch,C2-FSP-1/9/26,Dropped,Sai Sujana,1
Facebook,KPHB - New Branch,C2-FSP-1/9/26,Hot,Manasa P,1
Facebook,KPHB - New Branch,C2-FSP-1/9/26,Warm,Manasa P,1
Facebook,KPHB - New Branch,C3-Data Science-1/9/26,Cold,Dhanush Naik,1
Facebook,KPHB - New Branch,C3-Data Science-1/9/26,Dropped,Dhanush Naik,2
Facebook,KPHB - New Branch,C3-Data Science-1/9/26,Dropped,Sai Sujana,1
Facebook,KPHB - New Branch,C3-FSP-1/9/26,Cold,Keerthana,2
Facebook,KPHB - New Branch,C3-FSP-1/9/26,Dropped,Dhanush Naik,1
Facebook,KPHB - New Branch,C3-FSP-1/9/26,Dropped,Keerthana,1
Facebook,KPHB - New Branch,C3-FSP-1/9/26,Dropped,Manasa P,2
Facebook,KPHB - New Branch,C3-FSP-1/9/26,Warm,Keerthana,2
Facebook,KPHB - New Branch,C3-FSP-1/9/26,Warm,Manasa P,1
Facebook,KPHB - New Branch,Campaign:  Data Science B -28/4/2026,Cold,Keerthana,1
Facebook,KPHB - New Branch,Campaign:  Data Science B -28/4/2026,Dropped,Dhanush Naik,1
Facebook,KPHB - New Branch,Campaign:  Data Science B -28/4/2026,Dropped,Manasa P,1
Facebook,KPHB - New Branch,Campaign:  Data Science B -28/4/2026,Hot,Manasa P,1
Facebook,KPHB - New Branch,Campaign:  Data Science B -28/4/2026,Warm,Keerthana,1
Facebook,KPHB - New Branch,Cyber Security Anniversary Sale-10/7/26,Cold,Dhanush Naik,1
Facebook,KPHB - New Branch,Cyber Security Anniversary Sale-10/7/26,Cold,Keerthana,3
Facebook,KPHB - New Branch,Cyber Security Anniversary Sale-10/7/26,Cold,Manasa P,1
Facebook,KPHB - New Branch,Cyber Security Anniversary Sale-10/7/26,Dropped,Manasa P,1
Facebook,KPHB - New Branch,Cyber Security Anniversary Sale-10/7/26,Hot,Keerthana,1
Facebook,KPHB - New Branch,Cyber Security Anniversary Sale-10/7/26,Warm,Keerthana,2
Facebook,KPHB - New Branch,Cyber Security Anniversary Sale-10/7/26,Warm,Manasa P,3
Facebook,KPHB - New Branch,Cyber Security-B-28/4/2026,Cold,Dhanush Naik,2
Facebook,KPHB - New Branch,Cyber Security-B-28/4/2026,Cold,Keerthana,1
Facebook,KPHB - New Branch,Cyber Security-B-28/4/2026,Dropped,Dhanush Naik,2
Facebook,KPHB - New Branch,Cyber Security-B-28/4/2026,Dropped,Keerthana,1
Facebook,KPHB - New Branch,Cyber Security-B-28/4/2026,Dropped,Sai Sujana,2
Facebook,KPHB - New Branch,Cyber Security-B-28/4/2026,Hot,Keerthana,1
Facebook,KPHB - New Branch,Cyber Security-B-28/4/2026,Warm,Dhanush Naik,1
Facebook,KPHB - New Branch,Cyber Security-B-28/4/2026,Warm,Keerthana,2
Facebook,KPHB - New Branch,Cyber Security-B-28/4/2026,Warm,Manasa P,1
Facebook,KPHB - New Branch,D.A Anniversary sale-9/7/26,Cold,Dhanush Naik,1
Facebook,KPHB - New Branch,D.A Anniversary sale-9/7/26,Cold,Keerthana,1
Facebook,KPHB - New Branch,D.A Anniversary sale-9/7/26,Dropped,Keerthana,1
Facebook,KPHB - New Branch,D.A Anniversary sale-9/7/26,Dropped,Sai Sujana,2
Facebook,KPHB - New Branch,D.A Anniversary sale-9/7/26,Hot,Keerthana,1
Facebook,KPHB - New Branch,D.A Anniversary sale-9/7/26,Hot,Manasa P,2
Facebook,KPHB - New Branch,D.A Anniversary sale-9/7/26,Warm,Dhanush Naik,1
Facebook,KPHB - New Branch,D.A Anniversary sale-9/7/26,Warm,Manasa P,2
Facebook,KPHB - New Branch,Data Science-Kphb-25/7/26,Cold,Manasa P,1
Facebook,KPHB - New Branch,Data Science-Kphb-25/7/26,Dropped,Dhanush Naik,1
Facebook,KPHB - New Branch,Data Science-Kphb-25/7/26,Dropped,Keerthana,1
Facebook,KPHB - New Branch,Data Science-Kphb-25/7/26,Dropped,Manasa P,2
Facebook,KPHB - New Branch,Data Science-Kphb-25/7/26,Dropped,Sai Sujana,1
Facebook,KPHB - New Branch,Data Science-Kphb-25/7/26,Warm,Dhanush Naik,2
Facebook,KPHB - New Branch,Data Science-Kphb-25/7/26,Warm,Keerthana,1
Facebook,KPHB - New Branch,FSD-28/4/2026,Cold,Manasa P,2
Facebook,KPHB - New Branch,FSD-28/4/2026,Dropped,Dhanush Naik,1
Facebook,KPHB - New Branch,FSD-28/4/2026,Dropped,Keerthana,2
Facebook,KPHB - New Branch,FSD-28/4/2026,Dropped,Manasa P,1
Facebook,KPHB - New Branch,FSD-28/4/2026,Hot,Keerthana,1
Facebook,KPHB - New Branch,FSD-28/4/2026,Warm,Keerthana,2
Facebook,KPHB - New Branch,FSD-28/4/2026,Warm,Manasa P,1
Facebook,KPHB - New Branch,FSD-Python-Hyd-5/8/26,Cold,Dhanush Naik,2
Facebook,KPHB - New Branch,Generative AI-28/4/2026,Cold,Dhanush Naik,2
Facebook,KPHB - New Branch,Generative AI-28/4/2026,Cold,Keerthana,1
Facebook,KPHB - New Branch,Generative AI-28/4/2026,Dropped,Dhanush Naik,2
Facebook,KPHB - New Branch,Generative AI-28/4/2026,Dropped,Keerthana,3
Facebook,KPHB - New Branch,Generative AI-28/4/2026,Dropped,Manasa P,2
Facebook,KPHB - New Branch,Generative AI-28/4/2026,Hot,Keerthana,2
Facebook,KPHB - New Branch,Generative AI-28/4/2026,Hot,Manasa P,2
Facebook,KPHB - New Branch,Generative AI-28/4/2026,Warm,Dhanush Naik,3
Facebook,KPHB - New Branch,Generative AI-28/4/2026,Warm,Keerthana,7
Facebook,KPHB - New Branch,Generative AI-28/4/2026,Warm,Manasa P,5
Facebook,KPHB - New Branch,IIT-Data Analytics-8/7/26,Cold,Manasa P,1
Facebook,KPHB - New Branch,IIT-Data Analytics-8/7/26,Dropped,Dhanush Naik,1
Facebook,KPHB - New Branch,IIT-Data Analytics-8/7/26,Warm,Dhanush Naik,1
Facebook,KPHB - New Branch,IIT-Data Analytics-8/7/26,Warm,Keerthana,3
Facebook,Kukatpally,C1-Data Science-1/9/26,Cold,Rakesh Kommalapati,1
Facebook,Kukatpally,C1-Data Science-1/9/26,Cold,Vedavathi,1
Facebook,Kukatpally,C1-Data Science-1/9/26,Warm,Divya V,1
Facebook,Kukatpally,C1-FSP-1/9/26,Cold,Anamika,1
Facebook,Kukatpally,C1-FSP-1/9/26,Cold,Divya V,1
Facebook,Kukatpally,C1-FSP-1/9/26,Dropped,Anamika,2
Facebook,Kukatpally,C2-Data Science-1/9/26,Dropped,Anamika,1
Facebook,Kukatpally,C2-Data Science-1/9/26,Dropped,Divya V,1
Facebook,Kukatpally,C2-FSP-1/9/26,Cold,Anamika,1
Facebook,Kukatpally,C2-FSP-1/9/26,Cold,Divya V,1
Facebook,Kukatpally,C2-FSP-1/9/26,Dropped,Anamika,3
Facebook,Kukatpally,C2-FSP-1/9/26,Warm,Anamika,1
Facebook,Kukatpally,C2-FSP-1/9/26,Warm,Divya V,1
Facebook,Kukatpally,C2-FSP-1/9/26,Warm,Rakesh Kommalapati,1
Facebook,Kukatpally,C2-FSP-1/9/26,Warm,Vedavathi,1
Facebook,Kukatpally,C3-Data Science-1/9/26,Dropped,Anamika,1
Facebook,Kukatpally,C3-Data Science-1/9/26,Dropped,Rakesh Kommalapati,1
Facebook,Kukatpally,C3-Data Science-1/9/26,Dropped,Vedavathi,1
Facebook,Kukatpally,C3-Data Science-1/9/26,Warm,Rakesh Kommalapati,1
Facebook,Kukatpally,C3-FSP-1/9/26,Cold,Vedavathi,1
Facebook,Kukatpally,C3-FSP-1/9/26,Dropped,Anamika,2
Facebook,Kukatpally,C3-FSP-1/9/26,Dropped,Divya V,2
Facebook,Kukatpally,C3-FSP-1/9/26,Dropped,Vedavathi,1
Facebook,Kukatpally,C3-FSP-1/9/26,Hot,Anamika,1
Facebook,Kukatpally,C3-FSP-1/9/26,Warm,Anamika,3
Facebook,Kukatpally,C3-FSP-1/9/26,Warm,Divya V,1
Facebook,Kukatpally,Campaign:  Data Science B -28/4/2026,Cold,Divya V,1
Facebook,Kukatpally,Campaign:  Data Science B -28/4/2026,Cold,Vedavathi,1
Facebook,Kukatpally,Campaign:  Data Science B -28/4/2026,Dropped,Anamika,2
Facebook,Kukatpally,Campaign:  Data Science B -28/4/2026,Dropped,Divya V,2
Facebook,Kukatpally,Campaign:  Data Science B -28/4/2026,Dropped,Vedavathi,1
Facebook,Kukatpally,Campaign:  Data Science B -28/4/2026,Warm,Rakesh Kommalapati,1
Facebook,Kukatpally,Cloud Computing- 28/4/2026,Cold,Vedavathi,1
Facebook,Kukatpally,Cyber Security Anniversary Sale-10/7/26,Cold,Anamika,1
Facebook,Kukatpally,Cyber Security Anniversary Sale-10/7/26,Cold,Divya V,1
Facebook,Kukatpally,Cyber Security Anniversary Sale-10/7/26,Cold,Rakesh Kommalapati,1
Facebook,Kukatpally,Cyber Security Anniversary Sale-10/7/26,Cold,Vedavathi,1
Facebook,Kukatpally,Cyber Security Anniversary Sale-10/7/26,Dropped,Anamika,1
Facebook,Kukatpally,Cyber Security Anniversary Sale-10/7/26,Dropped,Divya V,1
Facebook,Kukatpally,Cyber Security Anniversary Sale-10/7/26,Dropped,Rakesh Kommalapati,1
Facebook,Kukatpally,Cyber Security Anniversary Sale-10/7/26,Warm,Anamika,1
Facebook,Kukatpally,Cyber Security Anniversary Sale-10/7/26,Warm,Divya V,4
Facebook,Kukatpally,Cyber Security Anniversary Sale-10/7/26,Warm,Rakesh Kommalapati,3
Facebook,Kukatpally,Cyber Security Anniversary Sale-10/7/26,Warm,Vedavathi,1
Facebook,Kukatpally,Cyber Security-B-28/4/2026,Cold,Anamika,2
Facebook,Kukatpally,Cyber Security-B-28/4/2026,Cold,Rakesh Kommalapati,1
Facebook,Kukatpally,Cyber Security-B-28/4/2026,Cold,Vedavathi,1
Facebook,Kukatpally,Cyber Security-B-28/4/2026,Dropped,Anamika,1
Facebook,Kukatpally,Cyber Security-B-28/4/2026,Dropped,Divya V,2
Facebook,Kukatpally,Cyber Security-B-28/4/2026,Hot,Anamika,1
Facebook,Kukatpally,Cyber Security-B-28/4/2026,Hot,Rakesh Kommalapati,1
Facebook,Kukatpally,Cyber Security-B-28/4/2026,Warm,Anamika,3
Facebook,Kukatpally,Cyber Security-B-28/4/2026,Warm,Divya V,1
Facebook,Kukatpally,D.A Anniversary sale-9/7/26,Cold,Anamika,1
Facebook,Kukatpally,D.A Anniversary sale-9/7/26,Cold,Vedavathi,1
Facebook,Kukatpally,D.A Anniversary sale-9/7/26,Dropped,Anamika,1
Facebook,Kukatpally,D.A Anniversary sale-9/7/26,Dropped,Divya V,2
Facebook,Kukatpally,D.A Anniversary sale-9/7/26,Hot,Anamika,2
Facebook,Kukatpally,D.A Anniversary sale-9/7/26,Warm,Anamika,1
Facebook,Kukatpally,D.A Anniversary sale-9/7/26,Warm,Rakesh Kommalapati,1
Facebook,Kukatpally,D.A Anniversary sale-9/7/26,Warm,Vedavathi,2
Facebook,Kukatpally,Data Science-Kphb-25/7/26,Cold,Anamika,2
Facebook,Kukatpally,Data Science-Kphb-25/7/26,Cold,Divya V,1
Facebook,Kukatpally,Data Science-Kphb-25/7/26,Hot,Anamika,1
Facebook,Kukatpally,Data Science-Kphb-25/7/26,Hot,Divya V,2
Facebook,Kukatpally,Data Science-Kphb-25/7/26,Warm,Divya V,1
Facebook,Kukatpally,Data Science-Kphb-25/7/26,Warm,Rakesh Kommalapati,2
Facebook,Kukatpally,Data Science-Kphb-25/7/26,Warm,Vedavathi,2
Facebook,Kukatpally,FSD-28/4/2026,Dropped,Anamika,1
Facebook,Kukatpally,FSD-28/4/2026,Dropped,Divya V,4
Facebook,Kukatpally,FSD-28/4/2026,Warm,Anamika,1
Facebook,Kukatpally,FSD-28/4/2026,Warm,Divya V,1
Facebook,Kukatpally,FSD-28/4/2026,Warm,Rakesh Kommalapati,1
Facebook,Kukatpally,FSD-28/4/2026,Warm,Vedavathi,1
Facebook,Kukatpally,FSD-Python-Hyd-5/8/26,Cold,Anamika,1
Facebook,Kukatpally,FSD-Python-Hyd-5/8/26,Cold,Vedavathi,1
Facebook,Kukatpally,FSD-Python-Hyd-5/8/26,Hot,Divya V,1
Facebook,Kukatpally,FSD-Python-Hyd-5/8/26,Warm,Anamika,1
Facebook,Kukatpally,FSD-Python-Hyd-5/8/26,Warm,Divya V,1
Facebook,Kukatpally,FSD-Python-Hyd-5/8/26,Warm,Rakesh Kommalapati,1
Facebook,Kukatpally,FSD-Python-Hyd-5/8/26,Warm,Vedavathi,1
Facebook,Kukatpally,Generative AI-28/4/2026,Cold,Anamika,2
Facebook,Kukatpally,Generative AI-28/4/2026,Cold,Divya V,1
Facebook,Kukatpally,Generative AI-28/4/2026,Cold,Rakesh Kommalapati,2
Facebook,Kukatpally,Generative AI-28/4/2026,Cold,Vedavathi,2
Facebook,Kukatpally,Generative AI-28/4/2026,Dropped,Anamika,3
Facebook,Kukatpally,Generative AI-28/4/2026,Dropped,Divya V,4
Facebook,Kukatpally,Generative AI-28/4/2026,Hot,Anamika,1
Facebook,Kukatpally,Generative AI-28/4/2026,Hot,Rakesh Kommalapati,2
Facebook,Kukatpally,Generative AI-28/4/2026,Warm,Anamika,4
Facebook,Kukatpally,Generative AI-28/4/2026,Warm,Divya V,3
Facebook,Kukatpally,Generative AI-28/4/2026,Warm,Rakesh Kommalapati,2
Facebook,Kukatpally,Generative AI-28/4/2026,Warm,Vedavathi,3
Facebook,Kukatpally,IIT-Data Analytics-8/7/26,Cold,Anamika,3
Facebook,Kukatpally,IIT-Data Analytics-8/7/26,Cold,Divya V,1
Facebook,Kukatpally,IIT-Data Analytics-8/7/26,Dropped,Anamika,1
Facebook,Kukatpally,IIT-Data Analytics-8/7/26,Dropped,Rakesh Kommalapati,1
Facebook,Kukatpally,IIT-Data Analytics-8/7/26,Warm,Divya V,4
Facebook,Kukatpally,IIT-Data Analytics-8/7/26,Warm,Rakesh Kommalapati,1
Facebook,Kukatpally,IIT-Data Analytics-8/7/26,Warm,Vedavathi,1
Facebook,Mehdipatnam,BIM Anniversary Sale-10/7/26,Cold,Aarthi,1
Facebook,Mehdipatnam,BIM Anniversary Sale-10/7/26,Cold,Chhaya,3
Facebook,Mehdipatnam,BIM Anniversary Sale-10/7/26,Cold,Mohd Zohaib Mohammed,4
Facebook,Mehdipatnam,BIM Anniversary Sale-10/7/26,Dropped,Mohd Zohaib Mohammed,7
Facebook,Mehdipatnam,BIM Anniversary Sale-10/7/26,Hot,Aarthi,1
Facebook,Mehdipatnam,BIM Anniversary Sale-10/7/26,Hot,Chhaya,2
Facebook,Mehdipatnam,BIM Anniversary Sale-10/7/26,Hot,Mohd Zohaib Mohammed,4
Facebook,Mehdipatnam,BIM Anniversary Sale-10/7/26,Warm,Chhaya,9
Facebook,Mehdipatnam,BIM Anniversary Sale-10/7/26,Warm,Mohd Zohaib Mohammed,6
Facebook,Mehdipatnam,C1-Data Science-1/9/26,Hot,Chhaya,1
Facebook,Mehdipatnam,C1-FSP-1/9/26,Cold,Chhaya,1
Facebook,Mehdipatnam,C1-FSP-1/9/26,Hot,Chhaya,2
Facebook,Mehdipatnam,C1-FSP-1/9/26,Warm,Mohd Zohaib Mohammed,2
Facebook,Mehdipatnam,C2-Data Science-1/9/26,Cold,Mohd Zohaib Mohammed,1
Facebook,Mehdipatnam,C2-Data Science-1/9/26,Dropped,Chhaya,1
Facebook,Mehdipatnam,C2-Data Science-1/9/26,Hot,Mohd Zohaib Mohammed,1
Facebook,Mehdipatnam,C2-Data Science-1/9/26,Warm,Mohd Zohaib Mohammed,2
Facebook,Mehdipatnam,C2-FSP-1/9/26,Cold,Chhaya,2
Facebook,Mehdipatnam,C2-FSP-1/9/26,Dropped,Mohd Zohaib Mohammed,2
Facebook,Mehdipatnam,C3-Data Science-1/9/26,Cold,Chhaya,1
Facebook,Mehdipatnam,C3-Data Science-1/9/26,Warm,Mohd Zohaib Mohammed,1
Facebook,Mehdipatnam,C3-FSP-1/9/26,Cold,Aarthi,1
Facebook,Mehdipatnam,C3-FSP-1/9/26,Cold,Chhaya,1
Facebook,Mehdipatnam,C3-FSP-1/9/26,Dropped,Aarthi,1
Facebook,Mehdipatnam,C3-FSP-1/9/26,Dropped,Chhaya,1
Facebook,Mehdipatnam,C3-FSP-1/9/26,Dropped,Mohd Zohaib Mohammed,2
Facebook,Mehdipatnam,C3-FSP-1/9/26,Hot,Chhaya,1
Facebook,Mehdipatnam,C3-FSP-1/9/26,Warm,Mohd Zohaib Mohammed,5
Facebook,Mehdipatnam,Campaign BIM B 28/4/2026,Cold,Chhaya,3
Facebook,Mehdipatnam,Campaign BIM B 28/4/2026,Dropped,Chhaya,2
Facebook,Mehdipatnam,Campaign BIM B 28/4/2026,Dropped,Mohd Zohaib Mohammed,1
Facebook,Mehdipatnam,Campaign BIM B 28/4/2026,Hot,Chhaya,2
Facebook,Mehdipatnam,Campaign BIM B 28/4/2026,Warm,Aarthi,1
Facebook,Mehdipatnam,Campaign BIM B 28/4/2026,Warm,Mohd Zohaib Mohammed,2
Facebook,Mehdipatnam,Campaign:  Data Science B -28/4/2026,Cold,Chhaya,1
Facebook,Mehdipatnam,Campaign:  Data Science B -28/4/2026,Warm,Chhaya,2
Facebook,Mehdipatnam,Campaign:  Data Science B -28/4/2026,Warm,Mohd Zohaib Mohammed,2
Facebook,Mehdipatnam,FSD-28/4/2026,Dropped,Mohd Zohaib Mohammed,1
Facebook,Mehdipatnam,FSD-28/4/2026,Dropped,Shameem,1
Facebook,Mehdipatnam,FSD-Python-Hyd-5/8/26,Cold,Chhaya,2
Facebook,Mehdipatnam,FSD-Python-Hyd-5/8/26,Dropped,Mohd Zohaib Mohammed,1
Facebook,Secunderabad,C1-Data Science-1/9/26,Dropped,G S Dimple,1
Facebook,Secunderabad,C1-Data Science-1/9/26,Dropped,Shashanka A,1
Facebook,Secunderabad,C1-Data Science-1/9/26,Dropped,Sruthi,1
Facebook,Secunderabad,C1-Data Science-1/9/26,Warm,G S Dimple,2
Facebook,Secunderabad,C1-Data Science-1/9/26,Warm,Shashanka A,1
Facebook,Secunderabad,C1-FSP-1/9/26,Cold,Chaitanya CH,1
Facebook,Secunderabad,C1-FSP-1/9/26,Dropped,G S Dimple,1
Facebook,Secunderabad,C1-FSP-1/9/26,Hot,Kavya Bhavani,1
Facebook,Secunderabad,C1-FSP-1/9/26,Warm,Kavya Bhavani,1
Facebook,Secunderabad,C2-Data Science-1/9/26,Dropped,G S Dimple,1
Facebook,Secunderabad,C2-Data Science-1/9/26,Dropped,Kavya Bhavani,1
Facebook,Secunderabad,C2-Data Science-1/9/26,Dropped,Shashanka A,1
Facebook,Secunderabad,C2-Data Science-1/9/26,Warm,Sruthi,1
Facebook,Secunderabad,C2-FSP-1/9/26,Cold,Kavya Bhavani,1
Facebook,Secunderabad,C2-FSP-1/9/26,Cold,Shashanka A,1
Facebook,Secunderabad,C2-FSP-1/9/26,Cold,Sruthi,1
Facebook,Secunderabad,C2-FSP-1/9/26,Dropped,G S Dimple,3
Facebook,Secunderabad,C2-FSP-1/9/26,Dropped,Shashanka A,1
Facebook,Secunderabad,C2-FSP-1/9/26,Dropped,Sruthi,2
Facebook,Secunderabad,C2-FSP-1/9/26,Hot,Shashanka A,1
Facebook,Secunderabad,C2-FSP-1/9/26,Warm,G S Dimple,1
Facebook,Secunderabad,C2-FSP-1/9/26,Warm,Shashanka A,1
Facebook,Secunderabad,C3-Data Science-1/9/26,Cold,Chaitanya CH,1
Facebook,Secunderabad,C3-Data Science-1/9/26,Cold,Sruthi,1
Facebook,Secunderabad,C3-FSP-1/9/26,Cold,G S Dimple,1
Facebook,Secunderabad,C3-FSP-1/9/26,Cold,Kavya Bhavani,1
Facebook,Secunderabad,C3-FSP-1/9/26,Dropped,Shashanka A,3
Facebook,Secunderabad,C3-FSP-1/9/26,Dropped,Sruthi,2
Facebook,Secunderabad,C3-FSP-1/9/26,Hot,Chaitanya CH,2
Facebook,Secunderabad,C3-FSP-1/9/26,Warm,G S Dimple,2
Facebook,Secunderabad,C3-FSP-1/9/26,Warm,Kavya Bhavani,1
Facebook,Secunderabad,C3-FSP-1/9/26,Warm,Shashanka A,1
Facebook,Secunderabad,Campaign:  Data Science B -28/4/2026,Cold,Chaitanya CH,1
Facebook,Secunderabad,Campaign:  Data Science B -28/4/2026,Cold,G S Dimple,1
Facebook,Secunderabad,Campaign:  Data Science B -28/4/2026,Dropped,Chaitanya CH,1
Facebook,Secunderabad,Campaign:  Data Science B -28/4/2026,Hot,Chaitanya CH,1
Facebook,Secunderabad,Campaign:  Data Science B -28/4/2026,Warm,G S Dimple,1
Facebook,Secunderabad,FSD-28/4/2026,Cold,Chaitanya CH,1
Facebook,Secunderabad,FSD-28/4/2026,Cold,Shashanka A,2
Facebook,Secunderabad,FSD-28/4/2026,Dropped,Chaitanya CH,1
Facebook,Secunderabad,FSD-28/4/2026,Dropped,Kavya Bhavani,1
Facebook,Secunderabad,FSD-28/4/2026,Dropped,Shashanka A,2
Facebook,Secunderabad,FSD-28/4/2026,Dropped,Sruthi,4
Facebook,Secunderabad,FSD-28/4/2026,Hot,Sruthi,2
Facebook,Secunderabad,FSD-28/4/2026,Warm,Shashanka A,1
Facebook,Secunderabad,FSD-28/4/2026,Warm,Sruthi,1
Facebook,Secunderabad,FSD-Java-Hyd-5/8/26,Hot,Shashanka A,1
Facebook,Secunderabad,FSD-Python-Hyd-5/8/26,Cold,Chaitanya CH,1
Facebook,Secunderabad,FSD-Python-Hyd-5/8/26,Cold,Shashanka A,1
Facebook,Secunderabad,FSD-Python-Hyd-5/8/26,Dropped,G S Dimple,1
Facebook,Secunderabad,FSD-Python-Hyd-5/8/26,Warm,Shashanka A,1
Facebook,Secunderabad,IIT-Data Analytics-8/7/26,Dropped,Kavya Bhavani,1
Facebook,Secunderabad,OJT-Teks-4/8/26,Dropped,G S Dimple,1
Facebook,Secunderabad,SAP FICO & MM 26/3/2026,Cold,Chaitanya CH,4
Facebook,Secunderabad,SAP FICO & MM 26/3/2026,Cold,G S Dimple,5
Facebook,Secunderabad,SAP FICO & MM 26/3/2026,Cold,Kavya Bhavani,3
Facebook,Secunderabad,SAP FICO & MM 26/3/2026,Cold,Shashanka A,4
Facebook,Secunderabad,SAP FICO & MM 26/3/2026,Cold,Sruthi,2
Facebook,Secunderabad,SAP FICO & MM 26/3/2026,Converted,G S Dimple,1
Facebook,Secunderabad,SAP FICO & MM 26/3/2026,Dropped,G S Dimple,4
Facebook,Secunderabad,SAP FICO & MM 26/3/2026,Dropped,Kavya Bhavani,1
Facebook,Secunderabad,SAP FICO & MM 26/3/2026,Dropped,Shashanka A,5
Facebook,Secunderabad,SAP FICO & MM 26/3/2026,Dropped,Sruthi,3
Facebook,Secunderabad,SAP FICO & MM 26/3/2026,Hot,Chaitanya CH,3
Facebook,Secunderabad,SAP FICO & MM 26/3/2026,Hot,G S Dimple,3
Facebook,Secunderabad,SAP FICO & MM 26/3/2026,Hot,Kavya Bhavani,1
Facebook,Secunderabad,SAP FICO & MM 26/3/2026,Hot,Shashanka A,2
Facebook,Secunderabad,SAP FICO & MM 26/3/2026,Hot,Sruthi,3
Facebook,Secunderabad,SAP FICO & MM 26/3/2026,Warm,Chaitanya CH,3
Facebook,Secunderabad,SAP FICO & MM 26/3/2026,Warm,G S Dimple,6
Facebook,Secunderabad,SAP FICO & MM 26/3/2026,Warm,Kavya Bhavani,3
Facebook,Secunderabad,SAP FICO & MM 26/3/2026,Warm,Shashanka A,3
Facebook,Secunderabad,SAP FICO & MM 26/3/2026,Warm,Sruthi,6
Facebook,Vizag,C1-Data Science-3/9/26-Vizag,Converted,Lokeshwari Sai Kumari kadimi,1
Facebook,Vizag,C1-Data Science-3/9/26-Vizag,Dropped,Kameshwari,1
Facebook,Vizag,C1-Data Science-3/9/26-Vizag,Hot,Kameshwari,1
Facebook,Vizag,C1-FSP-3/9/26-Vizag,Warm,Chandini Sureddi,1
Facebook,Vizag,C2-Data Science-3/9/26-Vizag,Warm,Lokeshwari Sai Kumari kadimi,1
Facebook,Vizag,C2-FSP-3/9/26-Vizag,Cold,Kameshwari,1
Facebook,Vizag,C2-FSP-3/9/26-Vizag,Cold,Lokeshwari Sai Kumari kadimi,3
Facebook,Vizag,C2-FSP-3/9/26-Vizag,Dropped,Chandini Sureddi,1
Facebook,Vizag,C2-FSP-3/9/26-Vizag,Dropped,Lokeshwari Sai Kumari kadimi,1
Facebook,Vizag,C2-FSP-3/9/26-Vizag,Dropped,Ravikiran J,2
Facebook,Vizag,C2-FSP-3/9/26-Vizag,Hot,Ravikiran J,1
Facebook,Vizag,C2-FSP-3/9/26-Vizag,Warm,Chandini Sureddi,1
Facebook,Vizag,C2-FSP-3/9/26-Vizag,Warm,Ravikiran J,1
Facebook,Vizag,C3-Data Science-3/9/26-Vizag,Cold,Lokeshwari Sai Kumari kadimi,1
Facebook,Vizag,C3-Data Science-3/9/26-Vizag,Dropped,Chandini Sureddi,1
Facebook,Vizag,C3-FSP-3/9/26-Vizag,Cold,Kameshwari,1
Facebook,Vizag,Campaign BIM B 28/4/2026,Cold,Lokeshwari Sai Kumari kadimi,1
Facebook,Vizag,Campaign Digital Marketing B 28/4/2026,Cold,Kameshwari,1
Facebook,Vizag,Campaign Digital Marketing B 28/4/2026,Cold,Lokeshwari Sai Kumari kadimi,2
Facebook,Vizag,Campaign Digital Marketing B 28/4/2026,Dropped,Kameshwari,1
Facebook,Vizag,Campaign Digital Marketing B 28/4/2026,Hot,Kameshwari,1
Facebook,Vizag,Campaign Digital Marketing B 28/4/2026,Hot,Lokeshwari Sai Kumari kadimi,2
Facebook,Vizag,Campaign Digital Marketing B 28/4/2026,Warm,Chandini Sureddi,1
Facebook,Vizag,Campaign Digital Marketing B 28/4/2026,Warm,Lokeshwari Sai Kumari kadimi,4
Facebook,Vizag,Campaign Digital Marketing B 28/4/2026,Warm,Ravikiran J,1
Facebook,Vizag,Campaign:  Data Science B -28/4/2026,Cold,Chandini Sureddi,4
Facebook,Vizag,Campaign:  Data Science B -28/4/2026,Cold,Kameshwari,1
Facebook,Vizag,Campaign:  Data Science B -28/4/2026,Cold,Lokeshwari Sai Kumari kadimi,1
Facebook,Vizag,Campaign:  Data Science B -28/4/2026,Cold,Ravikiran J,5
Facebook,Vizag,Campaign:  Data Science B -28/4/2026,Converted,Chandini Sureddi,1
Facebook,Vizag,Campaign:  Data Science B -28/4/2026,Converted,Kameshwari,1
Facebook,Vizag,Campaign:  Data Science B -28/4/2026,Dropped,Chandini Sureddi,4
Facebook,Vizag,Campaign:  Data Science B -28/4/2026,Dropped,Kameshwari,1
Facebook,Vizag,Campaign:  Data Science B -28/4/2026,Dropped,Lokeshwari Sai Kumari kadimi,2
Facebook,Vizag,Campaign:  Data Science B -28/4/2026,Dropped,Ravikiran J,1
Facebook,Vizag,Campaign:  Data Science B -28/4/2026,Dropped,Zephenya,2
Facebook,Vizag,Campaign:  Data Science B -28/4/2026,Hot,Chandini Sureddi,2
Facebook,Vizag,Campaign:  Data Science B -28/4/2026,Hot,Lokeshwari Sai Kumari kadimi,1
Facebook,Vizag,Campaign:  Data Science B -28/4/2026,Warm,Chandini Sureddi,1
Facebook,Vizag,Campaign:  Data Science B -28/4/2026,Warm,Kameshwari,2
Facebook,Vizag,Campaign:  Data Science B -28/4/2026,Warm,Lokeshwari Sai Kumari kadimi,5
Facebook,Vizag,Data Analytics Vizag-10/7/26,Cold,Chandini Sureddi,1
Facebook,Vizag,Data Analytics Vizag-10/7/26,Cold,Kameshwari,1
Facebook,Vizag,Data Analytics Vizag-10/7/26,Cold,Lokeshwari Sai Kumari kadimi,1
Facebook,Vizag,Data Analytics Vizag-10/7/26,Cold,Ravikiran J,1
Facebook,Vizag,Data Analytics Vizag-10/7/26,Cold,Zephenya,1
Facebook,Vizag,Data Analytics Vizag-10/7/26,Dropped,Chandini Sureddi,1
Facebook,Vizag,Data Analytics Vizag-10/7/26,Dropped,Lokeshwari Sai Kumari kadimi,1
Facebook,Vizag,Data Analytics Vizag-10/7/26,Dropped,Ravikiran J,1
Facebook,Vizag,Data Analytics Vizag-10/7/26,Hot,Chandini Sureddi,2
Facebook,Vizag,Data Analytics Vizag-10/7/26,Hot,Kameshwari,1
Facebook,Vizag,Data Analytics Vizag-10/7/26,Warm,Kameshwari,5
Facebook,Vizag,Data Analytics Vizag-10/7/26,Warm,Lokeshwari Sai Kumari kadimi,2
Facebook,Vizag,Data Analytics Vizag-10/7/26,Warm,Ravikiran J,1
Facebook,Vizag,Data Science-Online-10/9/26,Dropped,Zephenya,1
Facebook,Vizag,Data Science-Vizag,Cold,Chandini Sureddi,2
Facebook,Vizag,Data Science-Vizag,Cold,Kameshwari,1
Facebook,Vizag,Data Science-Vizag,Cold,Zephenya,1
Facebook,Vizag,Data Science-Vizag,Dropped,Chandini Sureddi,2
Facebook,Vizag,Data Science-Vizag,Dropped,Kameshwari,2
Facebook,Vizag,Data Science-Vizag,Dropped,Lokeshwari Sai Kumari kadimi,1
Facebook,Vizag,Data Science-Vizag,Dropped,Ravikiran J,2
Facebook,Vizag,Data Science-Vizag,Hot,Chandini Sureddi,2
Facebook,Vizag,Data Science-Vizag,Hot,Lokeshwari Sai Kumari kadimi,3
Facebook,Vizag,Data Science-Vizag,Warm,Kameshwari,2
Facebook,Vizag,Data Science-Vizag,Warm,Lokeshwari Sai Kumari kadimi,3
Facebook,Vizag,Data Science-Vizag,Warm,Ravikiran J,1
Facebook,Vizag,Data Science-Vizag,Warm,Zephenya,1
Facebook,Vizag,FSD-28/4/2026,Cold,Kameshwari,1
Facebook,Vizag,FSD-28/4/2026,Warm,Kameshwari,1
Facebook,Vizag,Medical Coding Vizag - 4/6/2025,Cold,Chandini Sureddi,3
Facebook,Vizag,Medical Coding Vizag - 4/6/2025,Cold,Lokeshwari Sai Kumari kadimi,1
Facebook,Vizag,Medical Coding Vizag - 4/6/2025,Dropped,Chandini Sureddi,1
Facebook,Vizag,Medical Coding Vizag - 4/6/2025,Dropped,Lokeshwari Sai Kumari kadimi,2
Facebook,Vizag,Medical Coding Vizag - 4/6/2025,Dropped,Ravikiran J,1
Facebook,Vizag,Medical Coding Vizag - 4/6/2025,Hot,Chandini Sureddi,3
Facebook,Vizag,Medical Coding Vizag - 4/6/2025,Hot,Ravikiran J,1
Facebook,Vizag,Medical Coding Vizag - 4/6/2025,Warm,Chandini Sureddi,2
Facebook,Vizag,Medical Coding Vizag - 4/6/2025,Warm,Kameshwari,3
Facebook,Vizag,Medical Coding Vizag - 4/6/2025,Warm,Lokeshwari Sai Kumari kadimi,2
Facebook,Vizag,Medical Coding Vizag - 4/6/2025,Warm,Ravikiran J,1
Facebook,Vizag,OJT-Teks-4/8/26,Cold,Lokeshwari Sai Kumari kadimi,1
Facebook,Vizag,OJT-Teks-4/8/26,Dropped,Lokeshwari Sai Kumari kadimi,1
FSD-Python-LP-Book Free Demo Class,Ameerpet,,Dropped,Gayatri Devi P,1
FSD-Python-LP-Book Free Demo Class,Ameerpet,,Dropped,Ippili Chandrika,1
FSD-Python-LP-Book Free Demo Class,Dilsukhnagar,,Dropped,Nishant Alli,1
FSD-Python-LP-Book Free Demo Class,KPHB - New Branch,,Cold,Keerthana,1
FSD-Python-LP-Course kit,Ameerpet,,Hot,Nandini,1
FSD-Python-LP-Course kit,Hitec City,,Cold,Rajeshwari,2
FSD-Python-LP-Course kit,Kompally,,Cold,Shirisha T,1
FSD-Python-LP-Course kit,Mehdipatnam,,Dropped,Mohd Zohaib Mohammed,1
FSD-Python-LP-Course kit,Secunderabad,,Cold,Kavya Bhavani,1
FSD-Python-LP-Download Syllabus,Ameerpet,,Cold,Gayatri Devi P,1
FSD-Python-LP-Download Syllabus,Ameerpet,,Warm,Gayatri Devi P,1
FSD-Python-LP-Download Syllabus,Dilsukhnagar,,Dropped,Yamuna,1
FSD-Python-LP-Download Syllabus,Hitec City,,Cold,Khushi Kaur Bhatia,1
FSD-Python-LP-Download Syllabus,Hitec City,,Cold,Rajeshwari,1
FSD-Python-LP-Download Syllabus,Hitec City,,Dropped,K. Divya Sushma,1
FSD-Python-LP-Download Syllabus,Hitec City,,Hot,Jyoshna Muchupalli,1
FSD-Python-LP-Download Syllabus,Hitec City,,Warm,Neha Kruthika,1
FSD-Python-LP-Download Syllabus,KPHB - New Branch,,Dropped,Dhanush Naik,1
FSD-Python-LP-Download Syllabus,KPHB - New Branch,,Dropped,Manasa P,1
FSD-Python-LP-Download Syllabus,Kukatpally,,Cold,Anamika,1
FSD-Python-LP-Download Syllabus,Kukatpally,,Dropped,Divya V,1
FSD-Python-LP-Download Syllabus,Secunderabad,,Dropped,Shashanka A,1
FSD-Python-LP-Download Syllabus,Secunderabad,,Dropped,Sruthi,1
FSD-Python-LP-Enquire About Core,Hitec City,,Warm,Rajeshwari,1
FSD-Python-LP-Expert Guidance,Ameerpet,,Dropped,Nandini,1
FSD-Python-LP-Expert Guidance,Ameerpet,,Dropped,Rahul Sharma,1
FSD-Python-LP-Expert Guidance,Ameerpet,,Hot,Ippili Chandrika,1
FSD-Python-LP-Expert Guidance,Dilsukhnagar,,Cold,Anusha V,1
FSD-Python-LP-Expert Guidance,Dilsukhnagar,,Cold,Bharath,1
FSD-Python-LP-Expert Guidance,Dilsukhnagar,,Warm,Anusha V,1
FSD-Python-LP-Expert Guidance,Hitec City,,Cold,Khushi Kaur Bhatia,1
FSD-Python-LP-Expert Guidance,Hitec City,,Cold,Neha Kruthika,1
FSD-Python-LP-Expert Guidance,Hitec City,,Dropped,Neha Kruthika,1
FSD-Python-LP-Expert Guidance,Hitec City,,Hot,Khushi Kaur Bhatia,1
FSD-Python-LP-Expert Guidance,Hitec City,,Warm,Jyoshna Muchupalli,2
FSD-Python-LP-Expert Guidance,Hitec City,,Warm,K. Divya Sushma,2
FSD-Python-LP-Expert Guidance,Hitec City,,Warm,Khushi Kaur Bhatia,1
FSD-Python-LP-Expert Guidance,Kompally,,Dropped,Bhavani T,2
FSD-Python-LP-Expert Guidance,KPHB - New Branch,,Cold,Dhanush Naik,1
FSD-Python-LP-Expert Guidance,KPHB - New Branch,,Cold,Keerthana,1
FSD-Python-LP-Expert Guidance,KPHB - New Branch,,Dropped,Manasa P,1
FSD-Python-LP-Expert Guidance,KPHB - New Branch,,Warm,Keerthana,1
FSD-Python-LP-Expert Guidance,Kukatpally,,Cold,Anamika,2
FSD-Python-LP-Expert Guidance,Kukatpally,,Cold,Rakesh Kommalapati,1
FSD-Python-LP-Expert Guidance,Kukatpally,,Dropped,Divya V,1
FSD-Python-LP-Expert Guidance,Kukatpally,,Warm,Divya V,1
FSD-Python-LP-Expert Guidance,Kukatpally,,Warm,Rakesh Kommalapati,1
FSD-Python-LP-Expert Guidance,Mehdipatnam,,Dropped,Mohd Zohaib Mohammed,2
FSD-Python-LP-Expert Guidance,Mehdipatnam,,Warm,Chhaya,1
FSD-Python-LP-Expert Guidance,Secunderabad,,Cold,Chaitanya CH,1
FSD-Python-LP-Expert Guidance,Secunderabad,,Cold,Shashanka A,1
FSD-Python-LP-Expert Guidance,Secunderabad,,Dropped,Chaitanya CH,1
FSD-Python-LP-Expert Guidance,Secunderabad,,Dropped,Kavya Bhavani,1
FSD-Python-LP-Expert Guidance,Secunderabad,,Dropped,Shashanka A,1
FSD-Python-LP-Expert Guidance,Secunderabad,,Dropped,Sruthi,1
FSD-Python-LP-Expert Guidance,Secunderabad,,Warm,G S Dimple,1
FSD-Python-LP-Expert Guidance,Secunderabad,,Warm,Kavya Bhavani,1
FSD-Python-LP-Expert Guidance,Secunderabad,,Warm,Shashanka A,1
FSD-Python-LP-Program Overview,Ameerpet,,Warm,Ippili Chandrika,1
FSD-Python-LP-Program Overview,Dilsukhnagar,,Warm,Bharath,2
FSD-Python-LP-Program Overview,KPHB - New Branch,,Dropped,Keerthana,1
Incoming Call - Direct Call,Ameerpet,,Converted,Gayatri Devi P,1
Incoming Call - Direct Call,Ameerpet,,Dropped,Gayatri Devi P,1
Incoming Call - Direct Call,Ameerpet,,Dropped,Ippili Chandrika,1
Incoming Call - Direct Call,Ameerpet,,Dropped,Nandini,1
Incoming Call - Direct Call,Ameerpet,,Dropped,Rahul Sharma,1
Incoming Call - Direct Call,Ameerpet,,Hot,Gayatri Devi P,1
Incoming Call - Direct Call,Ameerpet,,Hot,Ippili Chandrika,1
Incoming Call - Direct Call,Ameerpet,,Hot,Nandini,2
Incoming Call - Direct Call,Dilsukhnagar,,Converted,Anusha V,1
Incoming Call - Direct Call,Dilsukhnagar,,Converted,Nishant Alli,1
Incoming Call - Direct Call,Dilsukhnagar,,Dropped,Nishant Alli,1
Incoming Call - Direct Call,Dilsukhnagar,,Dropped,Yamuna,1
Incoming Call - Direct Call,Dilsukhnagar,,Hot,Anusha V,1
Incoming Call - Direct Call,Dilsukhnagar,,Hot,Renuka,1
Incoming Call - Direct Call,Dilsukhnagar,,Hot,Yamuna,3
Incoming Call - Direct Call,Hitec City,,Cold,K. Divya Sushma,1
Incoming Call - Direct Call,Hitec City,,Converted,Khushi Kaur Bhatia,1
Incoming Call - Direct Call,Hitec City,,Dropped,Jyoshna Muchupalli,1
Incoming Call - Direct Call,Hitec City,,Dropped,Rajeshwari,1
Incoming Call - Direct Call,Hitec City,,Hot,Jyoshna Muchupalli,3
Incoming Call - Direct Call,Hitec City,,Hot,K. Divya Sushma,1
Incoming Call - Direct Call,Hitec City,,Hot,Khushi Kaur Bhatia,1
Incoming Call - Direct Call,Hitec City,,Hot,Neha Kruthika,1
Incoming Call - Direct Call,Hitec City,,Hot,Rajeshwari,3
Incoming Call - Direct Call,Kompally,,Converted,Shirisha T,2
Incoming Call - Direct Call,KPHB - New Branch,,Hot,Dhanush Naik,2
Incoming Call - Direct Call,KPHB - New Branch,,Hot,Keerthana,1
Incoming Call - Direct Call,KPHB - New Branch,,Hot,Manasa P,1
Incoming Call - Direct Call,KPHB - New Branch,,Warm,Keerthana,1
Incoming Call - Direct Call,Kukatpally,,,Vedavathi,1
Incoming Call - Direct Call,Kukatpally,,Converted,Anamika,1
Incoming Call - Direct Call,Kukatpally,,Converted,Rakesh Kommalapati,1
Incoming Call - Direct Call,Kukatpally,,Dropped,Anamika,1
Incoming Call - Direct Call,Kukatpally,,Hot,Anamika,1
Incoming Call - Direct Call,Kukatpally,,Hot,Divya V,4
Incoming Call - Direct Call,Kukatpally,,Warm,Anamika,3
Incoming Call - Direct Call,Kukatpally,,Warm,Rakesh Kommalapati,1
Incoming Call - Direct Call,Kukatpally,,Warm,Vedavathi,2
Incoming Call - Direct Call,Mehdipatnam,,Converted,Aarthi,1
Incoming Call - Direct Call,Mehdipatnam,,Converted,Chhaya,1
Incoming Call - Direct Call,Mehdipatnam,,Dropped,Aarthi,1
Incoming Call - Direct Call,Mehdipatnam,,Dropped,Mohd Zohaib Mohammed,1
Incoming Call - Direct Call,Mehdipatnam,,Hot,Aarthi,4
Incoming Call - Direct Call,Mehdipatnam,,Hot,Chhaya,4
Incoming Call - Direct Call,Mehdipatnam,,Hot,Mohd Zohaib Mohammed,4
Incoming Call - Direct Call,Mehdipatnam,,Warm,Aarthi,1
Incoming Call - Direct Call,Mehdipatnam,,Warm,Chhaya,1
Incoming Call - Direct Call,Mehdipatnam,,Warm,Mohd Zohaib Mohammed,2
Incoming Call - Direct Call,Secunderabad,,Converted,G S Dimple,1
Incoming Call - Direct Call,Secunderabad,,Converted,Sruthi,1
Incoming Call - Direct Call,Secunderabad,,Dropped,G S Dimple,2
Incoming Call - Direct Call,Secunderabad,,Hot,G S Dimple,5
Incoming Call - Direct Call,Secunderabad,,Hot,Kavya Bhavani,2
Incoming Call - Direct Call,Secunderabad,,Hot,Shashanka A,2
Incoming Call - Direct Call,Secunderabad,,Hot,Sruthi,3
Incoming Call - Direct Call,Secunderabad,,Warm,Chaitanya CH,1
Incoming Call - Direct Call,Secunderabad,,Warm,Shashanka A,2
Incoming Call - Direct Call,Vizag,,Converted,Chandini Sureddi,2
Incoming Call - Direct Call,Vizag,,Converted,Lokeshwari Sai Kumari kadimi,2
Incoming Call - Direct Call,Vizag,,Dropped,Ravikiran J,1
Incoming Call - Direct Call,Vizag,,Hot,Chandini Sureddi,3
Incoming Call - Direct Call,Vizag,,Hot,Kameshwari,2
Incoming Call - IVR,Ameerpet,,Dropped,Gayatri Devi P,1
Incoming Call - IVR,Ameerpet,,Dropped,Ippili Chandrika,1
Incoming Call - IVR,Ameerpet,,Hot,Ippili Chandrika,1
Incoming Call - IVR,Dilsukhnagar,,Converted,Yamuna,1
Incoming Call - IVR,Dilsukhnagar,,Hot,Yamuna,1
Incoming Call - IVR,Hitec City,,Converted,K. Divya Sushma,2
Incoming Call - IVR,Hitec City,,Dropped,Jyoshna Muchupalli,1
Incoming Call - IVR,Hitec City,,Dropped,Rajeshwari,1
Incoming Call - IVR,Hitec City,,Hot,Khushi Kaur Bhatia,2
Incoming Call - IVR,Hitec City,,Hot,Rajeshwari,2
Incoming Call - IVR,Hitec City,,Warm,K. Divya Sushma,1
Incoming Call - IVR,Hitec City,null,Warm,K. Divya Sushma,1
Incoming Call - IVR,KPHB - New Branch,,Hot,Dhanush Naik,1
Incoming Call - IVR,Kukatpally,,Converted,Vedavathi,1
Incoming Call - IVR,Kukatpally,,Dropped,Divya V,1
Incoming Call - IVR,Kukatpally,,Dropped,Rakesh Kommalapati,1
Incoming Call - IVR,Kukatpally,,Hot,Anamika,1
Incoming Call - IVR,Kukatpally,,Warm,Divya V,1
Incoming Call - IVR,Kukatpally,,Warm,Rakesh Kommalapati,1
Incoming Call - IVR,Mehdipatnam,,Warm,Aarthi,1
Incoming Call - IVR,Vizag,,Dropped,Chandini Sureddi,1
Incoming Call - IVR,Vizag,,Hot,Chandini Sureddi,1
Justdial  Ameerpet,Ameerpet,,Cold,Gayatri Devi P,1
Justdial  Ameerpet,Ameerpet,,Cold,Ippili Chandrika,1
Justdial  Ameerpet,Ameerpet,,Cold,Nandini,2
Justdial  Ameerpet,Ameerpet,,Cold,Rahul Sharma,1
Justdial  Ameerpet,Ameerpet,,Cold,Sowmya N,2
Justdial  Ameerpet,Ameerpet,,Dropped,Gayatri Devi P,5
Justdial  Ameerpet,Ameerpet,,Dropped,Ippili Chandrika,3
Justdial  Ameerpet,Ameerpet,,Dropped,Nandini,1
Justdial  Ameerpet,Ameerpet,,Dropped,Rahul Sharma,5
Justdial  Ameerpet,Ameerpet,,Hot,Nandini,1
Justdial  Ameerpet,Ameerpet,,Hot,Rahul Sharma,1
Justdial  Ameerpet,Ameerpet,,Warm,Gayatri Devi P,1
Justdial  Ameerpet,Ameerpet,,Warm,Ippili Chandrika,1
Justdial Dilsukhnagar,Dilsukhnagar,,Cold,Anusha V,1
Justdial Dilsukhnagar,Dilsukhnagar,,Cold,Bharath,2
Justdial Dilsukhnagar,Dilsukhnagar,,Cold,Nishant Alli,2
Justdial Dilsukhnagar,Dilsukhnagar,,Cold,Yamuna,3
Justdial Dilsukhnagar,Dilsukhnagar,,Dropped,Anusha V,4
Justdial Dilsukhnagar,Dilsukhnagar,,Dropped,Bharath,5
Justdial Dilsukhnagar,Dilsukhnagar,,Dropped,Nishant Alli,4
Justdial Dilsukhnagar,Dilsukhnagar,,Dropped,Renuka,3
Justdial Dilsukhnagar,Dilsukhnagar,,Dropped,Yamuna,2
Justdial Dilsukhnagar,Dilsukhnagar,,Hot,Bharath,1
Justdial Dilsukhnagar,Dilsukhnagar,,Hot,Nishant Alli,1
Justdial Dilsukhnagar,Dilsukhnagar,,Warm,Anusha V,2
Justdial Dilsukhnagar,Dilsukhnagar,,Warm,Bharath,1
Justdial Dilsukhnagar,Dilsukhnagar,,Warm,Nishant Alli,1
Justdial Dilsukhnagar,Dilsukhnagar,,Warm,Renuka,2
Justdial Dilsukhnagar,Dilsukhnagar,,Warm,Yamuna,2
Justdial Hitec City,Hitec City,,Cold,Jyoshna Muchupalli,1
Justdial Hitec City,Hitec City,,Cold,K. Divya Sushma,1
Justdial Hitec City,Hitec City,,Cold,Khushi Kaur Bhatia,2
Justdial Hitec City,Hitec City,,Cold,Neha Kruthika,2
Justdial Hitec City,Hitec City,,Cold,Rajeshwari,3
Justdial Hitec City,Hitec City,,Dropped,Jyoshna Muchupalli,4
Justdial Hitec City,Hitec City,,Dropped,K. Divya Sushma,4
Justdial Hitec City,Hitec City,,Dropped,Khushi Kaur Bhatia,6
Justdial Hitec City,Hitec City,,Dropped,Neha Kruthika,3
Justdial Hitec City,Hitec City,,Dropped,Rajeshwari,11
Justdial Hitec City,Hitec City,,Hot,Jyoshna Muchupalli,2
Justdial Hitec City,Hitec City,,Hot,Khushi Kaur Bhatia,1
Justdial Hitec City,Hitec City,,Hot,Neha Kruthika,1
Justdial Hitec City,Hitec City,,Hot,Rajeshwari,2
Justdial Hitec City,Hitec City,,Warm,Jyoshna Muchupalli,3
Justdial Hitec City,Hitec City,,Warm,K. Divya Sushma,2
Justdial Hitec City,Hitec City,,Warm,Khushi Kaur Bhatia,3
Justdial Hitec City,Hitec City,,Warm,Neha Kruthika,2
Justdial Hitec City,Hitec City,,Warm,Rajeshwari,6
JustDial Kompally,Kompally,,Cold,Bhavani T,3
JustDial Kompally,Kompally,,Dropped,Bhavani T,2
JustDial Kompally,Kompally,,Dropped,Shirisha T,3
JustDial Kompally,Kompally,,Hot,Bhavani T,1
JustDial Kompally,Kompally,,Hot,Shirisha T,1
JustDial Kompally,Kompally,,Warm,Shirisha T,2
Justdial Kukatpally,KPHB - New Branch,,Cold,Manasa P,2
Justdial Kukatpally,KPHB - New Branch,,Dropped,Dhanush Naik,4
Justdial Kukatpally,KPHB - New Branch,,Dropped,Keerthana,4
Justdial Kukatpally,KPHB - New Branch,,Dropped,Manasa P,4
Justdial Kukatpally,KPHB - New Branch,,Dropped,Sai Sujana,2
Justdial Kukatpally,KPHB - New Branch,,Warm,Keerthana,3
Justdial Kukatpally,KPHB - New Branch,,Warm,Manasa P,1
Justdial Kukatpally,Kukatpally,,Cold,Anamika,4
Justdial Kukatpally,Kukatpally,,Cold,Divya V,3
Justdial Kukatpally,Kukatpally,,Cold,Rakesh Kommalapati,1
Justdial Kukatpally,Kukatpally,,Cold,Vedavathi,1
Justdial Kukatpally,Kukatpally,,Dropped,Anamika,7
Justdial Kukatpally,Kukatpally,,Dropped,Rakesh Kommalapati,3
Justdial Kukatpally,Kukatpally,,Dropped,Vedavathi,2
Justdial Kukatpally,Kukatpally,,Hot,Anamika,1
Justdial Kukatpally,Kukatpally,,Warm,Divya V,1
Justdial Kukatpally,Kukatpally,,Warm,Vedavathi,1
Justdial Kukatpally,Secunderabad,,Dropped,Kavya Bhavani,1
Justdial Mehdipatnam,Mehdipatnam,,Cold,Chhaya,2
Justdial Mehdipatnam,Mehdipatnam,,Cold,Mohd Zohaib Mohammed,1
Justdial Mehdipatnam,Mehdipatnam,,Dropped,Aarthi,1
Justdial Mehdipatnam,Mehdipatnam,,Dropped,Chhaya,3
Justdial Mehdipatnam,Mehdipatnam,,Dropped,Mohd Zohaib Mohammed,2
Justdial Mehdipatnam,Mehdipatnam,,Dropped,Shameem,1
Justdial Mehdipatnam,Mehdipatnam,,Hot,Chhaya,3
Justdial Mehdipatnam,Mehdipatnam,,Hot,Mohd Zohaib Mohammed,2
Justdial Mehdipatnam,Mehdipatnam,,Warm,Chhaya,4
Justdial Mehdipatnam,Mehdipatnam,,Warm,Mohd Zohaib Mohammed,3
Justdial Secunderabad,Secunderabad,,Cold,Chaitanya CH,3
Justdial Secunderabad,Secunderabad,,Cold,G S Dimple,1
Justdial Secunderabad,Secunderabad,,Cold,Kavya Bhavani,2
Justdial Secunderabad,Secunderabad,,Cold,Shashanka A,1
Justdial Secunderabad,Secunderabad,,Cold,Sruthi,2
Justdial Secunderabad,Secunderabad,,Dropped,Chaitanya CH,1
Justdial Secunderabad,Secunderabad,,Dropped,G S Dimple,5
Justdial Secunderabad,Secunderabad,,Dropped,Kavya Bhavani,4
Justdial Secunderabad,Secunderabad,,Dropped,Shashanka A,4
Justdial Secunderabad,Secunderabad,,Dropped,Sruthi,6
Justdial Secunderabad,Secunderabad,,Hot,Chaitanya CH,2
Justdial Secunderabad,Secunderabad,,Hot,Kavya Bhavani,1
Justdial Secunderabad,Secunderabad,,Hot,Sruthi,1
Justdial Secunderabad,Secunderabad,,Warm,Chaitanya CH,2
Justdial Secunderabad,Secunderabad,,Warm,G S Dimple,3
Justdial Secunderabad,Secunderabad,,Warm,Shashanka A,3
Justdial Visakhapatnam,Vizag,,Cold,Ravikiran J,2
Justdial Visakhapatnam,Vizag,,Dropped,Kameshwari,1
Justdial Visakhapatnam,Vizag,,Dropped,Lokeshwari Sai Kumari kadimi,1
Justdial Visakhapatnam,Vizag,,Dropped,Ravikiran J,4
Justdial Visakhapatnam,Vizag,,Hot,Chandini Sureddi,1
Justdial Visakhapatnam,Vizag,,Hot,Lokeshwari Sai Kumari kadimi,1
Justdial Visakhapatnam,Vizag,,Hot,Ravikiran J,2
Request Callback—Website,Hitec City,,Hot,Khushi Kaur Bhatia,1
Request Callback—Website,Hitec City,,Warm,K. Divya Sushma,1
Request Callback—Website,Secunderabad,,Dropped,Chaitanya CH,1
Request Callback—Website,Vizag,,Dropped,Lokeshwari Sai Kumari kadimi,1
Request Demo - Website,Ameerpet,,Cold,Sowmya N,1
Request Demo - Website,Ameerpet,,Hot,Nandini,1
Request Demo - Website,Ameerpet,,Warm,Ippili Chandrika,1
Request Demo - Website,Hitec City,,Cold,Neha Kruthika,1
Request Demo - Website,Hitec City,,Cold,Rajeshwari,1
Request Demo - Website,Hitec City,,Dropped,Neha Kruthika,2
Request Demo - Website,Hitec City,,Warm,Neha Kruthika,1
Request Demo - Website,Secunderabad,,Hot,Sruthi,1
Social Media,Ameerpet,,Warm,Rahul Sharma,1
Social Media,Dilsukhnagar,,Cold,Anusha V,1
Social Media,Dilsukhnagar,,Dropped,Anusha V,2
Social Media,Dilsukhnagar,,Dropped,Yamuna,1
Social Media,Dilsukhnagar,,Hot,Anusha V,1
Social Media,Dilsukhnagar,,Hot,Nishant Alli,1
Social Media,Hitec City,,Warm,Rajeshwari,2
Social Media,KPHB - New Branch,,Warm,Dhanush Naik,1
Social Media,Kukatpally,,Dropped,Rakesh Kommalapati,1
Social Media,Mehdipatnam,,Dropped,Aarthi,1
Social Media,Secunderabad,,Dropped,Shashanka A,1
Social Media,Secunderabad,,Dropped,Sruthi,1
Social Media,Secunderabad,,Warm,Chaitanya CH,1
Social Media,Vizag,,Hot,Ravikiran J,1
Social Media,Vizag,,Warm,Ravikiran J,1
Student Referral,Ameerpet,,Converted,Rahul Sharma,1
Student Referral,Ameerpet,,Hot,Ippili Chandrika,1
Student Referral,Ameerpet,,Hot,Rahul Sharma,1
Student Referral,Ameerpet,,Warm,Ippili Chandrika,1
Student Referral,Hitec City,,Converted,K. Divya Sushma,2
Student Referral,Hitec City,,Converted,Khushi Kaur Bhatia,1
Student Referral,Hitec City,,Hot,K. Divya Sushma,1
Student Referral,Kompally,,Converted,Shirisha T,1
Student Referral,KPHB - New Branch,,Converted,Dhanush Naik,1
Student Referral,KPHB - New Branch,,Converted,Manasa P,1
Student Referral,Kukatpally,,Hot,Anamika,1
Student Referral,Kukatpally,,Hot,Divya V,2
Student Referral,Kukatpally,null,Hot,Divya V,1
Student Referral,Mehdipatnam,,Hot,Mohd Zohaib Mohammed,1
Student Referral,Secunderabad,,Converted,Shashanka A,1
Student Referral,Vizag,,Converted,Chandini Sureddi,1
Student Referral,Vizag,,Converted,Ravikiran J,1
Student Referral,Vizag,,Converted,Zephenya,1
studentPortalReferrals,Ameerpet,,Converted,Gayatri Devi P,6
studentPortalReferrals,Ameerpet,,Converted,Nandini,1
studentPortalReferrals,Ameerpet,,Dropped,Sowmya N,1
studentPortalReferrals,Ameerpet,,Hot,Gayatri Devi P,2
studentPortalReferrals,Dilsukhnagar,,Cold,Nishant Alli,2
studentPortalReferrals,Dilsukhnagar,,Converted,Anusha V,6
studentPortalReferrals,Dilsukhnagar,,Converted,Renuka,1
studentPortalReferrals,Dilsukhnagar,,Dropped,Anusha V,2
studentPortalReferrals,Dilsukhnagar,,Dropped,Yamuna,1
studentPortalReferrals,Dilsukhnagar,,Warm,Anusha V,1
studentPortalReferrals,Hitec City,,Converted,Neha Kruthika,1
studentPortalReferrals,Hitec City,,Dropped,Neha Kruthika,3
studentPortalReferrals,Hitec City,,Dropped,Rajeshwari,1
studentPortalReferrals,Hitec City,,Hot,Rajeshwari,1
studentPortalReferrals,KPHB - New Branch,,Converted,Dhanush Naik,1
studentPortalReferrals,KPHB - New Branch,,Dropped,Keerthana,1
studentPortalReferrals,Kukatpally,,Dropped,Varshini P,1
studentPortalReferrals,Mehdipatnam,,Converted,Mohd Zohaib Mohammed,1
studentPortalReferrals,Mehdipatnam,,Hot,Mohd Zohaib Mohammed,1
studentPortalReferrals,Secunderabad,,Converted,G S Dimple,1
studentPortalReferrals,Secunderabad,,Converted,Sruthi,1
studentPortalReferrals,Secunderabad,,Dropped,Kavya Bhavani,1
studentPortalReferrals,Vizag,,Converted,Lokeshwari Sai Kumari kadimi,1
studentPortalReferrals,Vizag,,Dropped,Lokeshwari Sai Kumari kadimi,2
VSKP-DataScience-LP-Book Free Demo Class,Vizag,,Cold,Chandini Sureddi,1
VSKP-DataScience-LP-Book Free Demo Class,Vizag,,Dropped,Ravikiran J,1
VSKP-DataScience-LP-Download Syllabus,Vizag,,Cold,Lokeshwari Sai Kumari kadimi,1
VSKP-DataScience-LP-Download Syllabus,Vizag,,Dropped,Chandini Sureddi,2
VSKP-DataScience-LP-Download Syllabus,Vizag,,Dropped,Lokeshwari Sai Kumari kadimi,3
VSKP-DataScience-LP-Download Syllabus,Vizag,,Warm,Chandini Sureddi,1
VSKP-DataScience-LP-Expert Guidance,Vizag,,Cold,Kameshwari,1
VSKP-DataScience-LP-Expert Guidance,Vizag,,Cold,Lokeshwari Sai Kumari kadimi,1
VSKP-DataScience-LP-Expert Guidance,Vizag,,Cold,Ravikiran J,1
VSKP-DataScience-LP-Expert Guidance,Vizag,,Dropped,Kameshwari,2
VSKP-DataScience-LP-Expert Guidance,Vizag,,Dropped,Lokeshwari Sai Kumari kadimi,3
VSKP-DataScience-LP-Expert Guidance,Vizag,,Dropped,Ravikiran J,2
VSKP-DataScience-LP-Expert Guidance,Vizag,,Warm,Chandini Sureddi,1
VSKP-DataScience-LP-Expert Guidance,Vizag,,Warm,Kameshwari,1
VSKP-DataScience-LP-Expert Guidance,Vizag,,Warm,Zephenya,1
VSKP-FSD-Python-LP-Download Syllabus,Vizag,,Cold,Kameshwari,1
VSKP-FSD-Python-LP-Expert Guidance,Vizag,,Dropped,Chandini Sureddi,2
VSKP-FSD-Python-LP-Expert Guidance,Vizag,,Dropped,Lokeshwari Sai Kumari kadimi,1
VSKP-FSD-Python-LP-Expert Guidance,Vizag,,Warm,Ravikiran J,1
VSKP-FSD-Python-LP-Program Overview,Vizag,,Cold,Kameshwari,1
VSKP-VSKP-DataScience-LP-Course kit,Vizag,,Dropped,Chandini Sureddi,1
Walkin - Ameerpet,Ameerpet,,Converted,Gayatri Devi P,2
Walkin - Ameerpet,Ameerpet,,Dropped,Gayatri Devi P,2
Walkin - Ameerpet,Ameerpet,,Dropped,Nandini,1
Walkin - Ameerpet,Ameerpet,,Hot,Gayatri Devi P,3
Walkin - Ameerpet,Ameerpet,,Hot,Ippili Chandrika,1
Walkin - Ameerpet,Ameerpet,,Hot,Rahul Sharma,5
Walkin - Ameerpet,Ameerpet,,Hot,Sowmya N,1
Walkin - Ameerpet,Ameerpet,,Warm,Rahul Sharma,1
Walkin - Dilsukhnagar,Dilsukhnagar,,Converted,Anusha V,1
Walkin - Dilsukhnagar,Dilsukhnagar,,Converted,Nishant Alli,1
Walkin - Dilsukhnagar,Dilsukhnagar,,Dropped,Anusha V,1
Walkin - Dilsukhnagar,Dilsukhnagar,,Dropped,Bharath,2
Walkin - Dilsukhnagar,Dilsukhnagar,,Dropped,Nishant Alli,1
Walkin - Dilsukhnagar,Dilsukhnagar,,Hot,Anusha V,1
Walkin - Dilsukhnagar,Dilsukhnagar,,Hot,Bharath,2
Walkin - Dilsukhnagar,Dilsukhnagar,,Hot,Nishant Alli,3
Walkin - Dilsukhnagar,Dilsukhnagar,,Hot,Renuka,3
Walkin - Dilsukhnagar,Dilsukhnagar,,Hot,Yamuna,3
Walkin - Dilsukhnagar,Dilsukhnagar,,Warm,Bharath,1
Walkin - Kompally,Kompally,,Dropped,Bhavani T,1
Walkin - Kompally,Kompally,,Hot,Bhavani T,1
Walkin - KPHB,Kompally,,Dropped,Shirisha T,1
Walkin - KPHB,KPHB - New Branch,,Converted,Manasa P,2
Walkin - KPHB,KPHB - New Branch,,Dropped,Dhanush Naik,1
Walkin - KPHB,KPHB - New Branch,,Dropped,Sai Sujana,1
Walkin - KPHB,KPHB - New Branch,,Hot,Dhanush Naik,1
Walkin - KPHB,KPHB - New Branch,,Hot,Keerthana,3
Walkin - KPHB,KPHB - New Branch,,Hot,Manasa P,3
Walkin - KPHB,Kukatpally,,Cold,Vedavathi,1
Walkin - KPHB,Kukatpally,,Dropped,Anamika,2
Walkin - KPHB,Kukatpally,,Dropped,Divya V,3
Walkin - KPHB,Kukatpally,,Hot,Anamika,2
Walkin - KPHB,Kukatpally,,Hot,Divya V,6
Walkin - KPHB,Kukatpally,,Hot,Rakesh Kommalapati,2
Walkin - KPHB,Kukatpally,,Hot,Vedavathi,2
Walkin - Mehdipatnam,Mehdipatnam,,Converted,Chhaya,2
Walkin - Mehdipatnam,Mehdipatnam,,Dropped,Chhaya,2
Walkin - Mehdipatnam,Mehdipatnam,,Hot,Aarthi,4
Walkin - Mehdipatnam,Mehdipatnam,,Hot,Chhaya,5
Walkin - Mehdipatnam,Mehdipatnam,,Warm,Aarthi,1
Walkin - Mehdipatnam,Mehdipatnam,,Warm,Chhaya,3
Walkin - Mehdipatnam,Mehdipatnam,,Warm,Mohd Zohaib Mohammed,1
Walkin - Secunderabad,Secunderabad,,Converted,Sruthi,1
Walkin - Secunderabad,Secunderabad,,Hot,Shashanka A,1
Walkin - Vizag,Vizag,,Converted,Kameshwari,1
Walkin - Vizag,Vizag,,Converted,Lokeshwari Sai Kumari kadimi,2
Walkin - Vizag,Vizag,,Hot,Chandini Sureddi,3
Walkin - Vizag,Vizag,,Hot,Kameshwari,1
Walkin - Vizag,Vizag,,Warm,Chandini Sureddi,1
Walkin- Hitec City,Hitec City,,Converted,Khushi Kaur Bhatia,1
Walkin- Hitec City,Hitec City,,Converted,Neha Kruthika,1
Walkin- Hitec City,Hitec City,,Dropped,Neha Kruthika,3
Walkin- Hitec City,Hitec City,,Hot,Jyoshna Muchupalli,2
Walkin- Hitec City,Hitec City,,Hot,K. Divya Sushma,2
Walkin- Hitec City,Hitec City,,Hot,Khushi Kaur Bhatia,1
Walkin- Hitec City,Hitec City,,Hot,Neha Kruthika,1
Walkin- Hitec City,Hitec City,,Hot,Rajeshwari,4
webinarsform,Dilsukhnagar,,Dropped,Anusha V,1
Website,Ameerpet,,Cold,Gayatri Devi P,1
Website,Ameerpet,,Cold,Ippili Chandrika,1
Website,Ameerpet,,Cold,Nandini,2
Website,Ameerpet,,Cold,Rahul Sharma,1
Website,Ameerpet,,Cold,Sowmya N,1
Website,Ameerpet,,Dropped,Gayatri Devi P,4
Website,Ameerpet,,Dropped,Ippili Chandrika,3
Website,Ameerpet,,Dropped,Rahul Sharma,1
Website,Ameerpet,,Dropped,Sowmya N,1
Website,Ameerpet,,Hot,Ippili Chandrika,1
Website,Ameerpet,,Hot,Rahul Sharma,2
Website,Ameerpet,,Warm,Gayatri Devi P,1
Website,Ameerpet,,Warm,Ippili Chandrika,2
Website,Ameerpet,,Warm,Nandini,2
Website,Ameerpet,,Warm,Rahul Sharma,2
Website,Dilsukhnagar,,Cold,Anusha V,1
Website,Dilsukhnagar,,Cold,Bharath,3
Website,Dilsukhnagar,,Cold,Renuka,1
Website,Dilsukhnagar,,Cold,Yamuna,1
Website,Dilsukhnagar,,Dropped,Bharath,1
Website,Dilsukhnagar,,Dropped,Nishant Alli,1
Website,Dilsukhnagar,,Dropped,Yamuna,2
Website,Dilsukhnagar,,Hot,Bharath,1
Website,Dilsukhnagar,,Warm,Nishant Alli,3
Website,Hitec City,,Dropped,K. Divya Sushma,2
Website,Hitec City,,Dropped,Khushi Kaur Bhatia,1
Website,Hitec City,,Dropped,Neha Kruthika,7
Website,Hitec City,,Dropped,Rajeshwari,1
Website,Hitec City,,Hot,Jyoshna Muchupalli,1
Website,Hitec City,,Hot,Neha Kruthika,2
Website,Hitec City,,Hot,Rajeshwari,1
Website,Hitec City,,Warm,Jyoshna Muchupalli,1
Website,Hitec City,,Warm,K. Divya Sushma,2
Website,Hitec City,,Warm,Khushi Kaur Bhatia,1
Website,Hitec City,,Warm,Neha Kruthika,4
Website,Hitec City,,Warm,Rajeshwari,1
Website,Kompally,,Cold,Bhavani T,1
Website,Kompally,,Cold,Shirisha T,1
Website,Kompally,,Dropped,Bhavani T,3
Website,Kompally,,Warm,Shirisha T,3
Website,KPHB - New Branch,,Cold,Keerthana,2
Website,KPHB - New Branch,,Dropped,Keerthana,2
Website,KPHB - New Branch,,Dropped,Manasa P,2
Website,KPHB - New Branch,,Hot,Manasa P,1
Website,KPHB - New Branch,,Warm,Dhanush Naik,2
Website,KPHB - New Branch,,Warm,Keerthana,2
Website,KPHB - New Branch,,Warm,Manasa P,4
Website,Kukatpally,,Cold,Rakesh Kommalapati,1
Website,Kukatpally,,Dropped,Anamika,4
Website,Kukatpally,,Dropped,Divya V,3
Website,Kukatpally,,Dropped,Vedavathi,2
Website,Kukatpally,,Hot,Anamika,2
Website,Kukatpally,,Warm,Anamika,2
Website,Kukatpally,,Warm,Divya V,2
Website,Kukatpally,,Warm,Rakesh Kommalapati,1
Website,Mehdipatnam,,Cold,Chhaya,2
Website,Mehdipatnam,,Dropped,Aarthi,1
Website,Mehdipatnam,,Dropped,Chhaya,3
Website,Mehdipatnam,,Hot,Aarthi,1
Website,Mehdipatnam,,Hot,Mohd Zohaib Mohammed,3
Website,Mehdipatnam,,Warm,Aarthi,1
Website,Mehdipatnam,,Warm,Mohd Zohaib Mohammed,1
Website,Secunderabad,,Cold,Sruthi,2
Website,Secunderabad,,Dropped,Chaitanya CH,1
Website,Secunderabad,,Dropped,G S Dimple,2
Website,Secunderabad,,Dropped,Kavya Bhavani,2
Website,Secunderabad,,Dropped,Shashanka A,4
Website,Secunderabad,,Hot,Sruthi,1
Website,Secunderabad,,Warm,G S Dimple,4
Website,Secunderabad,,Warm,Sruthi,1
Website,Secunderabad,null,Converted,Shashanka A,1
Website,Vizag,,Dropped,Lokeshwari Sai Kumari kadimi,1
Website,Vizag,,Hot,Zephenya,1
Website,Vizag,,Warm,Kameshwari,1
